{
  "meta": {
      "revision": 23
  },
  
  "hacks": [
    {
	  "name": "NoClip",
	  "desc": "Makes the player invincible. Safe patch by mgostIH",
  	  "cheat": true,
	  "opcodes": [
	    {"addr": "0x20A23C", "on": "90 90 90 90 90 90 90 E9 72 06 00 00", "off": "6A 14 8B CB FF 15 00 00 00 00 8B CB"}
	  ],
	  "references": [
	    {"addr": "0x20A242", "off": "0x28241C"}
	  ]
	},
	
    {
	  "name": "NoClip (Experimental)",
	  "desc": "Makes the player invincible. Safe patch by mgostIH",
  	  "cheat": true,
	  "opcodes": [
	    {"addr": "0x20A23C", "on": "E9 79 06 00 00", "off": "6A 14 8B CB FF"},
		{"addr": "0x1E9F6B", "on": "E9 13 02 00 00 90", "off": "0F 84 12 02 00 00"},
		{"addr": "0x1EA195", "on": "E9 22 01 00 00 90", "off": "0F 8B 21 01 00 00"}
	  ]
	},
		
	{
	  "name": "No Spikes",	
	  "desc": "Ignores spike objects",
	  "cheat": true,
	  "opcodes": [
	    {"addr": "0x205347", "on": "75", "off": "74"}
	  ]
	},
	
	{
	  "name": "No Hitbox",
	  "cheat": true,
	  "desc": "Disables all object hitboxes. Special objects are disabled",
	  "opcodes": [
	    {"addr": "0x20456D", "on": "B8 07 00 00 00 90", "off": "8B 83 00 03 00 00"}
	  ]
	},
	
	{
	  "name": "No Solids",
	  "cheat": true,
	  "desc": "Disables most solid hitboxes. Special objects still work",
	  "opcodes": [
	    {"addr": "0x20456D", "on": "B8 14 00 00 00 90", "off": "8B 83 00 03 00 00"}
	  ]
	},
	
	{
	  "name": "Force Block Type",
	  "cheat": true,
	  "desc": "Treats all objects as if they were blocks",
	  "opcodes": [
	    {"addr": "0x20456D", "on": "31 C0 83 7B 34 00 BA 07 00 00 00 0F 44 C2 90", "off": "8B 83 00 03 00 00 83 F8 07 0F 84 7F 0A 00 00"}
	  ]
	},
	
	{
	  "name": "Everything Hurts",
	  "desc": "Owie",
	  "opcodes": [
	    {"addr": "0x20456D", "on": "B8 02 00 00 00 90", "off": "8B 83 00 03 00 00"}
	  ]
	},
	
	{
	  "name": "Freeze Player",
	  "desc": "Freezes player movement",
	  "cheat": true,
	  "opcodes": [
	    {"addr": "0x203519", "on": "90 90 90", "off": "50 FF D6"},
	    {"addr": "0x203544", "on": "90", "off": "50"},
	    {"addr": "0x20354B", "on": "90 90", "off": "FF D6"}
	  ]
	},
	
	{
	  "name": "Jump Hack",
	  "desc": "Allows for jumping in mid-air",
	  "cheat": true,
	  "opcodes": [
	    {"addr": "0x1E9141", "on": "01", "off": "00"},
		{"addr": "0x1E9498", "on": "01", "off": "00"}
	  ]
	},
	
	{
	  "name": "Trail Always On",
	  "desc": "Sets the trail to either always on or always off",
	  "opcodes": [
	    {"addr": "0xAEDCC", "lib": "libcocos2d.dll", "on": "90 90 90 90 90 90", "off": "0F 84 68 02 00 00"}
	  ]
	},
	
	{
	  "name": "Trail Always Off",
	  "desc": "Sets the trail to either always on or always off",
	  "opcodes": [
	    {"addr": "0xAEDCC", "lib": "libcocos2d.dll", "on": "E9 69 02 00 00 90", "off": "0F 84 68 02 00 00"}
	  ]
	},
	
	{
	  "name": "Inversed Trail",
	  "desc": "Inverses the trail state",
	  "opcodes": [
	    {"addr": "0xAEDCC", "lib": "libcocos2d.dll", "on": "0F 85 68 02 00 00", "off": "0F 84 68 02 00 00"}
	  ]
	},
	
	{
	  "name": "Hide Attempts",
	  "desc": "Hides the attempt count in-game",
	  "opcodes": [
	    {"addr": "0x2D83B8", "on": "00", "off": "41"}
	  ]
	},
	
	{
	  "name": "Practice Music Hack",
	  "desc": "Plays the level's song in-sync with your position, instead of the standard practice song",
	  "opcodes": [
		{"addr": "0x20C925", "on": "90 90 90 90 90 90", "off": "0F 85 F7 00 00 00"},
		{"addr": "0x20D143", "on": "90 90", "off": "75 41"},
		{"addr": "0x20A563", "on": "90 90", "off": "75 3E"},
		{"addr": "0x20A595", "on": "90 90", "off": "75 0C"}
	  ]
	},
	
	{
	  "name": "No Pulse",
	  "desc": "Disables pulsing on objects",
	  "opcodes": [
	    {"addr": "0x2060D9", "on": "EB 4A", "off": "74 4A"}
	  ]
	},
	
	{
	  "name": "Ignore ESC",
	  "desc": "Stops the ESC key from exiting a level",
	  "opcodes": [
	    {"addr": "0x1E660C", "on": "EB 0B", "off": "6A 00"}
	  ]
	},
	
	{
	  "name": "Suicide",
	  "desc": "Kills the player",
	  "opcodes": [
	    {"addr": "0x203DA2", "on": "E9 57 02 00 00 90", "off": "0F 86 56 02 00 00"},
		{"addr": "0x20401A", "on": "E9 27 02 00 00 90", "off": "0F 87 26 02 00 00"}
	  ]
	},
	
	{
	  "name": "Accurate Percentage",
	  "desc": "Allows for decimals in the level percentage",
	  "opcodes": [
	    {"addr": "0x2080FE", "on": "F3 0F 10 00 F3 0F 5E 87 B4 03 00 00 BA 00 00 00 00 F3 0F 59 02 0F 2F 02 76 04 F3 0F 10 02 8B 87 C0 03 00 00 8B B0 04 01 00 00 F3 0F 5A C0 83 EC 08 F2 0F 11 04 24 68 B0 81 63 00", "off": "33 C9 F3 0F 10 00 F3 0F 5E 87 B4 03 00 00 F3 0F 59 05 00 00 00 00 F3 0F 2C C0 85 C0 0F 4F C8 B8 64 00 00 00 3B C8 0F 4F C8 8B 87 C0 03 00 00 51 68 30 32 64 00 8B B0 04 01 00 00"},
		{"addr": "0x20813F", "on": "83 C4 0C", "off": "83 C4 08"},
		{"addr": "0x2881B0", "on": "25 2E 32 66 25 25 00", "off": "25 2E 32 66 00"}
	  ],
	  "references": [
	    {"addr": "0x20810B", "on": "0x2E65C0"},
	    {"addr": "0x208135", "on": "0x2881B0"},
	    {"addr": "0x208110", "off": "0x2E65C0"},
	    {"addr": "0x20812F", "off": "0x293230"}
	  ]
	},
	
	{
	  "name": "No Particles",
	  "desc": "Disables the particle system (mostly)",
	  "opcodes": [
        {"addr": "0xB76C5", "lib": "libcocos2d.dll", "on": "31 F6", "off": "8B F0"},
	    {"addr": "0xB8ED6", "lib": "libcocos2d.dll", "on": "00", "off": "01"}
	  ]
	},
	
	{
	  "name": "Instant Complete",
	  "desc": "Teleports the player to the end of a level",
	  "cheat": true,
	  "opcodes": [
	    {"addr": "0x20350D", "on": "C7 81 7C 06 00 00 20 BC BE 4C 90 90 90 90 90", "off": "8B 35 00 00 00 00 81 C1 7C 06 00 00 50 FF D6"}
	  ],
	  "references": [
	    {"addr": "0x20350F", "off": "0x2823E0"}
	  ]
	},
	
	{
	  "name": "Percentage Only",
	  "desc": "Hides the progress bar and shows only the percentage at top",
	  "opcodes": [
	    {"addr": "0x1FCF35", "on": "90 90 90 90 90 90 90 90", "off": "F3 0F 58 05 00 00 00 00"},
		{"addr": "0x1FCE92", "on": "F3 0F 58", "off": "F3 0F 5C"},
		{"addr": "0x1FCF68", "on": "00 00 00 3F", "off": "00 00 00 00"}
	  ],
	  "references": [
	    {"addr": "0x1FCF39", "off": "0x2E65D8"}
	  ]
	},
	
	{
	  "name": "Hide Pause Button",
	  "desc": "Hides the pause button when the in-game cursor is enabled",
	  "opcodes": [
	    {"addr": "0x25F4AC", "on": "90 90", "off": "75 10"}
	  ]
	},
	
	{
	  "name": "No Glow",
	  "desc": "Disables objects glow",
	  "opcodes": [
	    {"addr": "0xCFF35", "on": "90 90", "off": "74 0D"},
		{"addr": "0xF02A4", "on": "E9 C0 00 00 00 90", "off": "0F 84 BF 00 00 00"},
		{"addr": "0xF0434", "on": "E9 C0 00 00 00 90", "off": "0F 84 BF 00 00 00"}
	  ]
	},
	
	{
	  "name": "No Wave Pulse",
	  "desc": "Disables wave pulsing",
	  "opcodes": [
	    {"addr": "0x1E8688", "on": "F3 0F 10 05 00 00 00 00", "off": "F3 0F 10 83 94 06 00 00"}
	  ],
	  "references": [
	    {"addr": "0x1E868C", "on": "0x2E6260"}
	  ]
	},
	
	{
	  "name": "No Mirror",
	  "desc": "Disables mirror portals",
	  "opcodes": [
	    {"addr": "0x204D08", "on": "E9 DF 01 00 00", "off": "8B 03 8B CB FF"}
	  ]
	},
	
	{
	  "name": "Mini Cube Icon",
	  "desc": "Forces use of the mini cube icon",
	  "opcodes": [
	    {"addr": "0x1E6DF4", "on": "31 FF 90", "off": "0F 4F FA"},
	    {"addr": "0x1F7E51", "on": "31 C9 90 90", "off": "0F 4C 4D 08"}
	  ]
	},
	
	{
	  "name": "No Wave Trail",
	  "desc": "Disables the hard wave trail, standard trail remains",
	  "opcodes": [
	    {"addr": "0x1F90C6", "on": "EB 42", "off": "74 42"}
	  ]
	},
	
	{
	  "name": "Trail Bug Fix",
	  "desc": "Fixes trail cutting on high refresh rates",
	  "opcodes": [
	    {"addr": "0xAE9BD", "lib": "libcocos2d.dll", "on": "BB FF 00 00 00 90", "off": "F3 0F 2C C1 2B D8"}
	  ]
	},
	
	{
	  "name": "Same Dual Colour",
	  "desc": "Gives both icons the same colour combo, not an inverted one in dual mode.",
	  "opcodes": [
	    {"addr": "0x1FC1C3", "on": "8B 81 48 02 00 00 2B 81 4C 02 00 00", "off": "8B 81 3C 02 00 00 2B 81 40 02 00 00"},
		{"addr": "0x1FC142", "on": "8B 88 3C 02 00 00 2B 88 40 02 00 00", "off": "8B 88 48 02 00 00 2B 88 4C 02 00 00"}
	  ]
	},
	
	{
	  "name": "Replay Last Checkpoint",
	  "desc": "Lets you replay your last practice pode checkpoint after completing a level.",
	  "references": [
	    {"addr": "0x96BB8", "on": "0x20BF00", "off": "0x20BDF0"}
	  ]
	},
	
	{
	  "name": "No New Best Popup",
	  "desc": "Disable the new best popup",
	  "opcodes": [
	    {"addr": "0x1FE548", "on": "EB 42", "off": "75 47"},
		{"addr": "0x1FE97E", "on": "00 00 00 00", "off": "CD CC 8C 3F"}
	  ]
	},
	
	{
	  "name": "Practice User-Coins",
      "desc": "Allows for user-coins to be picked up in practice mode. Made by WEGFan",
      "opcodes": [
        {"addr": "0x204F10", "on": "90 90 90 90 90 90 90 90 90 90 90 90 90", "off": "80 BE 95 04 00 00 00 0F 85 DE 00 00 00"}
      ]
	},
	
	{
	  "name": "No Respawn Flash",
	  "desc": "Disables the respawn flash & circle effect.",
	  "opcodes": [
	    {"addr": "0x1EF36D", "on": "E9 A8 00 00 00 90", "off": "0F 85 A7 00 00 00"}
	  ]
	},
	
	{
      "name": "Coins Show Uncollected",
      "desc": "Forces coins & user-coins show as uncollected",
      "opcodes": [
        {"addr": "0xE6706", "on": "8B C2 90", "off": "0F 44 C2"},
        {"addr": "0xE720F", "on": "8B D9 90", "off": "0F 44 D9"}
      ]
	},
	
	{
      "name": "Solid Wave Trail",
      "desc": "No blending on the wave trail, like the black & white trail",
      "opcodes": [
        {"addr": "0x1E8162", "on": "90 90", "off": "75 18"},
        {"addr": "0x1E816B", "on": "90 90", "off": "75 0F"}
      ]
	},
	
	{
	  "name": "No Death Effect",
      "desc": "No visual effects on death",
      "opcodes": [
        {"addr": "0x1EFBA4", "on": "90 90 90 90 90", "off": "E8 37 00 00 00"}
      ]
	},
	
	{
	  "name": "No Force Glow",
      "desc": "Doesn't force a white glow when using black secondary colour",
      "opcodes": [
        {"addr": "0x1F7953", "on": "EB", "off": "75"},
        {"addr": "0x1F796C", "on": "EB", "off": "75"}
      ]
	},
	
	{
	  "name": "Practice Pulse",
      "desc": "Pulses orbs & wave in practice mode",
      "opcodes": [
        {"addr": "0x3DB26", "on": "90 90", "off": "75 0C"},
        {"addr": "0x205536", "on": "90 90", "off": "75 08"},
        {"addr": "0x20553E", "on": "EB 1F", "off": "74 13"}
      ]
	},
	
	{
	  "name": "Corrective Music Sync",
	  "desc": "Syncs music properly after unpausing",
	  "opcodes": [
	    {"addr": "0x208808", "on": "EB 08", "off": "75 08"}
	  ]
	},
	
	{
	  "name": "Auto Low Detail Mode",
	  "desc": "Enabled low detail mode on by default for online levels",
	  "opcodes": []
	},
	
	{
	  "name": "Auto Practice Mode",
	  "desc": "Auto-enables practice mode",
  	  "opcodes": []
	},
	
	{
	  "name": "No Portal Lightning",
	  "desc": "Disables portal lightning from size-changing portals",
	  "opcodes": [
	    {"addr": "0x1F9971", "on": "EB 2C 90", "off": "83 EC 08"}
	  ]
	},
	
	{
	  "name": "No Spider Dash",
	  "desc": "Disables spider dash trail when teleporting",
	  "opcodes": [
	    {"addr": "0x1EDCE3", "on": "E9 90 01 00 00 90", "off": "0F 84 8F 01 00 00"}
	  ]
	},
	
	{
	  "name": "Ball Rotation Bug",
	  "desc": "Brings back the ball rotation bug when entering a portal mid ball animation",
	  "opcodes": [
	    {"addr": "0x1E9E40", "on": "90 90 90 90 90 90 90 90", "off": "6A 01 FF 15 00 00 00"}
	  ],
	  "references": [
	    {"addr": "0x1E9E44", "off": "0x28241C"}
	  ]
	},
	
	{
	  "name": "Block Level Exit",
	  "desc": "Blocks the exit level button & shortcut",
	  "opcodes": [
	    {"addr": "0x1E644C", "on": "90 90 90 90 90", "off": "E8 BF 73 02 00"}
	  ]
	}
  ],
  
  "sets": [
    {
	  "name": "Wave Pulse Size",
	  "pointers": [
	    {"offsets": "0x2E63A0", "type": "float"}
	  ]
	},
	
    {
	  "name": "X Pos",
	  "pointers": [
	    {"offsets": "0x3222D0;0x164;0x224;0x67C", "type": "float"}
	  ]
	},
	
	{
	  "name": "Y Pos",
	  "pointers": [
	    {"offsets": "0x3222D0;0x164;0x224;0x680", "type": "float"}
	  ]
	},
	
	{
	  "name": "Speed",
	  "pointers": [
	    {"offsets": "0x3222D0;0x164;0x224;0x648", "type": "float"}
	  ]
	},
	
	{
	  "name": "Size",
	  "pointers": [
	    {"offsets": "0x3222D0;0x164;0x224;0x644", "type": "float"}
	  ]
	},
	
	{
	  "name": "Attempts",
	  "pointers": [
	    {"offsets": "0x3222D0;0x164;0x22C;0x114;0x218", "type": "int"},
		{"offsets": "0x3222D0;0x164;0x22C;0x114;0x214", "type": "int", "reset": true},
		{"offsets": "0x3222D0;0x164;0x22C;0x114;0x210", "type": "int"}
	  ]
	},
	
	{
	  "name": "Jumps",
	  "pointers": [
	    {"offsets": "0x3222D0;0x164;0x22C;0x114;0x224", "type": "int"},
		{"offsets": "0x3222D0;0x164;0x22C;0x114;0x220", "type": "int", "reset": true},
		{"offsets": "0x3222D0;0x164;0x22C;0x114;0x21C", "type": "int"}
	  ]
	},
	
	{
	  "name": "Normal %",
	  "pointers": [
	    {"offsets": "0x3222D0;0x164;0x22C;0x114;0x248", "type": "int"},
		{"offsets": "0x3222D0;0x164;0x22C;0x114;0x24C", "type": "int", "reset": true},
		{"offsets": "0x3222D0;0x164;0x22C;0x114;0x250", "type": "int"}
	  ]
	},
	
	{
	  "name": "Practice %",
	  "pointers": [
	    {"offsets": "0x3222D0;0x164;0x22C;0x114;0x26C", "type": "int"}
	  ]
	},
	
	{
	  "name": "SongID",
	  "pointers": [
	    {"offsets": "0x3222D0;0x164;0x488;0x1C4", "type" : "int"}
	  ]
	},
	
	{
	  "name": "Gravity",
	  "isref": true,
	  "pointers": [
	    {"offsets": "0x1E9050", "type": "float"}
	  ]
	},
	
	{
	  "name": "Respawn Time",
	  "isref": true,
	  "pointers": [
	    {"offsets": "0x20A677", "type": "float"}
	  ]
	},
	
	{
	  "name": "Rotation Modifier",
	  "isref": true,
	  "pointers": [
	    {"offsets": "0x1E9CB2", "type": "float"}
	  ]
	},
	
	{
	  "name": "Mirror Speed",
	  "pointers": [
	    {"offsets": "0x20ACA6", "type": "float"}
	  ]
	}
  ]
}