{
  "meta": {
      "revision": 6
  },
  
  "hacks": [
	{
	  "name": "Song Bypass",
	  "desc": "Allows the downloading of banned songs.",
	  "opcodes": [
	    {"addr": "0x2CDF44", "on": "68 74 74 70 73 3A 2F 2F 61 62 73 6F 6C 6C 6C 75 74 65 2E 63 6F 6D 2F 61 70 69 2F 67 64 5F 73 6F 6E 67 5F 62 79 70 61 73 73 00", "off": "68 74 74 70 3A 2F 2F 77 77 77 2E 62 6F 6F 6D 6C 69 6E 67 73 2E 63 6F 6D 2F 64 61 74 61 62 61 73 65 2F 67 65 74 47 4A 53 6F 6E 67 49 6E 66 6F 2E 70 68 70 00"}
	  ]
	},
	
	{
	  "name": "Icon & Color Bypass",
	  "desc": "Unlocks all icons & colors (even unobtainble icons & colors). (NOTE: other pepoles don't see the icons & colors u dont have).",
	  "opcodes": [
	    {"addr": "0xC50A8", "on": "B0 01 90 90 90", "off": "E8 7A CD 19 00"},
		{"addr": "0xC54BA", "on": "B0 01 90 90 90", "off": "E8 68 C9 19 00"}
	  ]
	},
	
	{
	  "name": "Icon bypass",
	  "desc": "Unlocks all icons (even unobtainble icons). (NOTE: other pepoles don't see the icons u dont have) ",
	  "opcodes": [
	    {"addr": "0xC50A8", "on": "B0 01 90 90 90", "off": "E8 7A CD 19 00"}
	  ]
	},
	
	{
	  "name": "Color Bypass",
	  "desc": "Unlocks all colors (even unobtainble colors). (NOTE: other pepoles don't see the colors u dont have) ",
	  "opcodes": [
		{"addr": "0xC54BA", "on": "B0 01 90 90 90", "off": "E8 68 C9 19 00"}
	  ]
	},
	
	{
	  "name": "Text Length",
	  "desc": "Allows for unlimited text length in text inputs.",
	  "opcodes": [
	    {"addr": "0x21ACB", "on": "EB 04", "off": "7C 04"}
	  ]
	},
	
	{
	  "name": "Character Filter",
	  "desc": "Lets you input any character in all text inputs.",
	  "opcodes": [
	    {"addr": "0x21A99", "on": "90 90", "off": "75 04"}
	  ]
	},
	
	{
	  "name": "Slider Limit",
	  "desc": "Lets sliders be dragged beyond the visible limit.",
	  "opcodes": [
	    {"addr": "0x2E5CA", "on": "EB", "off": "76"},
	    {"addr": "0x2E5F8", "on": "EB", "off": "76"}
	  ]
	},
	
	{
	  "name": "Slider Limit (less)",
	  "desc": "Lets sliders be dragged less the visible limit.",
	  "opcodes": [
	    {"addr": "0x2E5CA", "on": "EB", "off": "76"}
	  ]
	},
	
	{
	  "name": "Slider Limit (more)",
	  "desc": "Lets sliders be dragged more the visible limit.",
	  "opcodes": [
	    {"addr": "0x2E5F8", "on": "EB", "off": "76"}
	  ]
	},
	
	{
	  "name": "Main Levels Bypass",
	  "desc": "Unlocks locked demon levels.",
	  "opcodes": [
	    {"addr": "0x188CE1", "on": "E9 8A 00 00 00 90", "off": "0F 8E 89 00 00 00"}
	  ]
	},
	
	{
	  "name": "Guard Vault",
	  "desc": "Unlocks the guard's vault.",
	  "opcodes": [
	    {"addr": "0x1DE1DA", "on": "90 90", "off": "7C 4A"}
	  ]
	},
	
	{
	  "name": "Keymaster Vault",
	  "desc": "Unlocks the keymaster's vault.",
	  "opcodes": [
	    {"addr": "0x4F268", "on": "90 90", "off": "74 4A"}
	  ]
	},
	
	{
	  "name": "Keymaster Basement",
	  "desc": "Unlocks the keymaster's basement.",
	  "opcodes": [
	    {"addr": "0x221759", "on": "90 90", "off": "74 4A"}
	  ]
	},
	
	{
	  "name": "Basement Key Bypass",
	  "desc": "Lets you unlock the keys in the basement.",
	  "opcodes": [
	    {"addr": "0x226E19", "on": "E9 59 01 00 00 90", "off": "0F 85 58 01 00 00"},
		{"addr": "0x226FB8", "on": "E9 59 01 00 00 90", "off": "0F 85 58 01 00 00"},
		{"addr": "0x227157", "on": "E9 30 02 00 00 90", "off": "0F 85 2F 02 00 00"}
	  ]
	},
	
	{
	  "name": "Basement Key Bypass (orange Key)",
	  "desc": "Lets you unlock the orange key in the basement.",
	  "opcodes": [
		{"addr": "0x227157", "on": "E9 30 02 00 00 90", "off": "0F 85 2F 02 00 00"}
	  ]
	},
	
	{
	  "name": "Basement Key Bypass (Green Key)",
	  "desc": "Lets you unlock the green key in the basement.",
	  "opcodes": [
		{"addr": "0x226FB8", "on": "E9 59 01 00 00 90", "off": "0F 85 58 01 00 00"}
	  ]
	},
	
	{
	  "name": "Basement Key Bypass (Blue key)",
	  "desc": "Lets you unlock the blue key in the basement.",
	  "opcodes": [
	    {"addr": "0x226E19", "on": "E9 59 01 00 00 90", "off": "0F 85 58 01 00 00"}
	  ]
	},
	
	{
	  "name": "Challenge Bypass",
	  "desc": "Unlocks 'The Challenge' level.",
	  "opcodes": [
	    {"addr": "0x2214E0", "on": "90 90 90 90 90 90", "off": "0F 84 87 00 00 00"}
	  ]
	},
	
	{
	  "name": "Treasure Room",
	  "desc": "Unlocks the treasure room.",
	  "opcodes": [
	    {"addr": "0x4F631", "on": "90 90", "off": "74 4A"}
	  ]
	},
	
	{
	  "name": "Potbar Shop",
	  "desc": "Unlocks Potbar's shop in the treasure room.",
	  "opcodes": [
	    {"addr": "0x15706B", "on": "90 90 90 90 90 90", "off": "0F 8C B4 01 00 00 00"}
	  ]
	},
	
	{
	  "name": "Scratch Shop",
	  "desc": "Unlocks Scratch's shop in the treasure room.",
	  "opcodes": [
	    {"addr": "0x1562D3", "on": "90 90 90 90 90 90", "off": "0F 8C AF 01 00 00 00"}
	  ]
	},
	
	{
	  "name": "Free Shop Items",
	  "desc": "Allows all shop items to be bought for 0 mana orbs.",
	  "opcodes": [
	    {"addr": "0xF33BB", "on": "8B 93 10 01 00 00", "off": "8B 93 14 01 00 00"},
		{"addr": "0x14B339", "on": "2B B3 10 01 00 00", "off": "2B B3 14 01 00 00"}
	  ]
	},
	
	{
	  "name": "Gatekeeper Vault",
	  "desc": "Unlocks the Gatekeeper's vault.",
	  "opcodes": [
	    {"addr": "0x188836", "on": "90 90", "off": "74 61"}
	  ]
	},
	
	{
	  "name": "Backup Stars Limit",
	  "desc": "Lets you backup data, even with less than 10 stars.",
	  "opcodes": [
	    {"addr": "0x3928E", "on": "EB 3E", "off": "7D 3E"}
	  ]
	},
	
	{
	  "name": "Unblock Hack",
	  "desc": "Lets you view profiles of users who have blocked you.",
	  "opcodes": [
	    {"addr": "0x29C0E8", "on": "61 48 52 30 63 48 4D 36 4C 79 39 68 59 6E 4E 76 62 47 78 73 64 58 52 6C 4C 6D 4E 76 62 53 39 68 63 47 6B 76 5A 32 52 66 64 58 4E 6C 63 6D 6C 75 5A 6D 39 66 63 33 42 76 62 32 59 3D 00", "off": "61 48 52 30 63 44 6F 76 4C 33 64 33 64 79 35 69 62 32 39 74 62 47 6C 75 5A 33 4D 75 59 32 39 74 4C 32 52 68 64 47 46 69 59 58 4E 6C 4C 32 64 6C 64 45 64 4B 56 58 4E 6C 63 6B 6C 75 5A 6D 38 79 4D 43 35 77 61 48 41 3D 00"}
	  ]
	},
	
	{
	  "name": "Active Every Vault",
	  "desc": "Active all the vault bypasses.",
	  "opcodes": [
		{"addr": "0x1DE1DA", "on": "90 90", "off": "7C 4A"},
		{"addr": "0x4F268", "on": "90 90", "off": "74 4A"},
		{"addr": "0x221759", "on": "90 90", "off": "74 4A"},
		{"addr": "0x226E19", "on": "E9 59 01 00 00 90", "off": "0F 85 58 01 00 00"},
		{"addr": "0x226FB8", "on": "E9 59 01 00 00 90", "off": "0F 85 58 01 00 00"},
		{"addr": "0x227157", "on": "E9 30 02 00 00 90", "off": "0F 85 2F 02 00 00"},
		{"addr": "0x2214E0", "on": "90 90 90 90 90 90", "off": "0F 84 87 00 00 00"},
		{"addr": "0x4F631", "on": "90 90", "off": "74 4A"},
		{"addr": "0x188836", "on": "90 90", "off": "74 61"}
	  ]
	},
	
	{
	  "name": "Allow Shops",
	  "desc": "Allows all the shops and Allows all shop items to be bought for 0 mana orbs.",
	  "opcodes": [
		{"addr": "0x15706B", "on": "90 90 90 90 90 90", "off": "0F 8C B4 01 00 00 00"},
		{"addr": "0x1562D3", "on": "90 90 90 90 90 90", "off": "0F 8C AF 01 00 00 00"},
		{"addr": "0xF33BB", "on": "8B 93 10 01 00 00", "off": "8B 93 14 01 00 00"},
		{"addr": "0x14B339", "on": "2B B3 10 01 00 00", "off": "2B B3 14 01 00 00"}
	  ]
	},
	
	{
	  "name": "Text Bypasses",
	  "desc": "Active all text bypasses.",
	  "opcodes": [
		{"addr": "0x21A99", "on": "90 90", "off": "75 04"},
		{"addr": "0x21ACB", "on": "EB 04", "off": "7C 04"}
	  ]
	},
	
	{
	  "name": "Global Bypasses",
	  "desc": "Active iocn bypass & main levels bypasses.",
	  "opcodes": [
		{"addr": "0x188CE1", "on": "E9 8A 00 00 00 90", "off": "0F 8E 89 00 00 00"},
		{"addr": "0xC50A8", "on": "B0 01 90 90 90", "off": "E8 7A CD 19 00"},
		{"addr": "0xC54BA", "on": "B0 01 90 90 90", "off": "E8 68 C9 19 00"}
	  ]
	},
	
	{
	  "name": "Creator Bypasses",
	  "desc": "Active all the creator bypasses (except group ID & song bypasses).",
	  "opcodes": [
	  	{"addr": "0x21A99", "on": "90 90", "off": "75 04"},
		{"addr": "0x21ACB", "on": "EB 04", "off": "7C 04"},
		{"addr": "0x2E5CA", "on": "EB", "off": "76"},
	    {"addr": "0x2E5F8", "on": "EB", "off": "76"},
		{"addr": "0x3928E", "on": "EB 3E", "off": "7D 3E"},
		{"addr": "0x948C4", "on": "00 EB 46 F3", "off": "00 76 46 F3"},
		{"addr": "0x7A100", "on": "EB", "off": "72"},
		{"addr": "0x7A022", "on": "EB", "off": "76"},
		{"addr": "0x7A203", "on": "90 90", "off": "77 3A"},
		{"addr": "0x73169", "on": "FF FF FF 7F", "off": "80 38 01 00"},
		{"addr": "0x856A4", "on": "FF FF FF 7F", "off": "80 38 01 00"},
		{"addr": "0x87B17", "on": "FF FF FF 7F", "off": "80 38 01 00"},
		{"addr": "0x87BC7", "on": "FF FF FF 7F", "off": "80 38 01 00"},
		{"addr": "0x87D95", "on": "FF FF FF 7F", "off": "80 38 01 00"},
		{"addr": "0x880F4", "on": "FF FF FF 7F", "off": "80 38 01 00"},
		{"addr": "0x160B06", "on": "FF FF FF 7F", "off": "80 38 01 00"},
        {"addr": "0x8FAAC", "on": "EB", "off": "77"},
		{"addr": "0x8FA95", "on": "EB", "off": "77"},
		{"addr": "0x8FAC5", "on": "EB", "off": "77"},
		{"addr": "0x8FADC", "on": "EB", "off": "77"},
		{"addr": "0x85CBC", "on": "B8 01 00 00 00 90", "off": "8B 80 00 03 00 00"},
		{"addr": "0x8BDDD", "on": "B8 01 00 00 00 90", "off": "8B 80 00 03 00 00"},
		{"addr": "0x8BE16", "on": "B8 01 00 00 00 90", "off": "8B 80 00 03 00 00"},
		{"addr": "0xECA3D", "on": "B8 01 00 00 00 90", "off": "8B 87 00 03 00 00"},
		{"addr": "0xEE5A9", "on": "B8 01 00 00 00 90", "off": "8B 86 00 03 00 00"},
		{"addr": "0x20181E", "on": "B8 01 00 00 00 90", "off": "8B 83 00 03 00 00"},
		{"addr": "0x1FD270", "on": "E9 B7 00 00 00 90", "off": "0F 84 B6 00 00 00"},
		{"addr": "0x174407", "on": "90 90", "off": "74 2F"},
		{"addr": "0x174411", "on": "90 90 90", "off": "0F 4F C6"},
		{"addr": "0x174456", "on": "90 90", "off": "74 2F"},
		{"addr": "0x174460", "on": "90 90 90", "off": "0F 4F C6"},
		{"addr": "0x13A548", "on": "83 F9 01", "off": "83 F9 06"},
		{"addr": "0x13A559", "on": "B8 01 00 00 00", "off": "B8 06 00 00 00"},
		{"addr": "0x13A54D", "on": "83 F9 7F", "off": "83 F9 0C"},
		{"addr": "0x13A552", "on": "B9 7F 00 00 00", "off": "B9 0C 00 00 00"},
		{"addr": "0x13A5D8", "on": "83 F9 01", "off": "83 F9 02"},
		{"addr": "0x13A5E9", "on": "B8 01 00 00 00", "off": "B8 02 00 00 00"},
		{"addr": "0x13A5dd", "on": "83 F9 7F", "off": "83 F9 03"},
		{"addr": "0x13A5E2", "on": "B9 7F 00 00 00", "off": "B9 03 00 00 00"},
		{"addr": "0x87801", "on": "90 90 90", "off": "0F 2F C8"},
		{"addr": "0x87806", "on": "90 90 90", "off": "0F 28 C8"},
		{"addr": "0x87871", "on": "90 90 90", "off": "0F 2F C8"},
		{"addr": "0x87876", "on": "90 90 90", "off": "0F 28 C8"},
		{"addr": "0x179B8E", "on": "90 90", "off": "75 0E"},
		{"addr": "0x176F5C", "on": "8B CA 90", "off": "0F 44 CA"},
		{"addr": "0x176FE5", "on": "B0 01 90", "off": "0F 95 C0"}
      ]
    }
  ]
}