{
  "meta": {
      "revision": 7
  },
  
  "hacks": [
    {
	  "name": "Copy Hack",
	  "desc": "Let's you copy any level, without a password.",
	  "opcodes": [
	    {"addr": "0x179B8E", "on": "90 90", "off": "75 0E"},
		{"addr": "0x176F5C", "on": "8B CA 90", "off": "0F 44 CA"},
		{"addr": "0x176FE5", "on": "B0 01 90", "off": "0F 95 C0"}
	  ]
	},
		
	{
	  "name": "Copy Hack (Visual Glitch)",
	  "desc": "Lets you copy any level, without a password. but it's look like you need a password.",
	  "opcodes": [
		{"addr": "0x179B8E", "on": "90 90", "off": "75 0E"},
		{"addr": "0x176FE5", "on": "B0 01 90", "off": "0F 95 C0"}
	  ]
	},
	
	{
	  "name": "Copy Hack (Troll)",
	  "desc": "Make it look like you can copy any level.",
	  "opcodes": [
		{"addr": "0x176F5C", "on": "8B CA 90", "off": "0F 44 CA"},
		{"addr": "0x176FE5", "on": "B0 01 90", "off": "0F 95 C0"}
	  ]
	},
	
	{
	  "name": "Copy Hack (Copy able READ DESC)",
	  "desc":"ON: make all copy hacks been worked EVEN on maps are not copy able. OFF: Make all copy hacks worked ONLY on maps are copy able. (NOTE: Active this when the hacks are activeted)",
	  "opcodes": [
		{"addr": "0x176FE5", "on": "B0 01 90", "off": "0F 95 C0"}
	  ]
	},
	
	{
	  "name": "No (C) Mark",
	  "desc": "Removes the (C) mark when uploading copied levels.",
	  "opcodes": [
	    {"addr": "0xA6B8B", "on": "2B 87 CC 02 00 00", "off": "2B 87 D0 02 00 00"},
		{"addr": "0x70E87", "on": "EB 26", "off": "74 26"}
	  ]
	},
	
	{
	  "name": "No Rotation",
	  "desc": "Locks all rotation at 0 degrees.",
	  "opcodes": [
	    {"addr": "0x60554", "lib": "libcocos2d.dll", "on": "90 90 90 90 90 90 90 90 90 90", "off": "F3 0F 11 49 24 F3 0F 11 49 20"}
	  ]
	},
	
	{
	  "name": "Level Edit",
	  "desc": "Lets you edit any level, access the editor through the pause menu.",
	  "opcodes": [
	    {"addr": "0x1E4A32", "on": "90 90", "off": "75 6C"}
	  ]
	},
	
	{
	  "name": "Object Bypass",
	  "desc": "Sets the object limit to around 2 billion.",
	  "opcodes": [
	    {"addr": "0x73169", "on": "FF FF FF 7F", "off": "80 38 01 00"},
		{"addr": "0x856A4", "on": "FF FF FF 7F", "off": "80 38 01 00"},
		{"addr": "0x87B17", "on": "FF FF FF 7F", "off": "80 38 01 00"},
		{"addr": "0x87BC7", "on": "FF FF FF 7F", "off": "80 38 01 00"},
		{"addr": "0x87D95", "on": "FF FF FF 7F", "off": "80 38 01 00"},
		{"addr": "0x880F4", "on": "FF FF FF 7F", "off": "80 38 01 00"},
		{"addr": "0x160B06", "on": "FF FF FF 7F", "off": "80 38 01 00"}
	  ]
	},
	
	{
	  "name": "Custom Object Bypass (All)",
	  "desc": "Removes the 100 object limit for custom objects & lets you save over 50.",
	  "opcodes": [
	    {"addr": "0x7A100", "on": "EB", "off": "72"},
		{"addr": "0x7A022", "on": "EB", "off": "76"},
		{"addr": "0x7A203", "on": "90 90", "off": "77 3A"}
	  ]
	},
	
	{
	  "name": "Custom Object Bypass (Max custom objects)",
	  "desc": "lets you save over 50 custom objects.",
	  "opcodes": [
	    {"addr": "0x7A100", "on": "EB", "off": "72"}
	  ]
	},
	
	{
	  "name": "Custom Object Bypass (Disable 'Max Limit' Alert)",
	  "desc": "Disable 'max limit' alert in custom objects (Its for save custom object that have 100 objects in).",
	  "opcodes": [
		{"addr": "0x7A022", "on": "EB", "off": "76"}
	  ]
	},
	
	{
	  "name": "Custom Objact Bypass (Max Limit)",
	  "desc": "Removes the 100 object limit for custom object",
	  "opcodes": [
		{"addr": "0x7A203", "on": "90 90", "off": "77 3A"},
		{"addr": "0x7A022", "on": "EB", "off": "76"}
	  ]
	},
	
	{
	  "name": "Zoom Bypass",
	  "desc": "Lets you zoom an infinite amount in the editor. (NOTE: Can crash with an edited grid size.)",
	  "opcodes": [
	    {"addr": "0x87801", "on": "90 90 90", "off": "0F 2F C8"},
		{"addr": "0x87806", "on": "90 90 90", "off": "0F 28 C8"},
		{"addr": "0x87871", "on": "90 90 90", "off": "0F 2F C8"},
		{"addr": "0x87876", "on": "90 90 90", "off": "0F 28 C8"}
	  ]
	},
	
	{
	  "name": "Toolbox Button Bypass",
	  "desc": "Allows for more objects in the editor toolbox.",
	  "opcodes": [
	    {"addr": "0x13A548", "on": "83 F9 01", "off": "83 F9 06"},
		{"addr": "0x13A559", "on": "B8 01 00 00 00", "off": "B8 06 00 00 00"},
		{"addr": "0x13A54D", "on": "83 F9 7F", "off": "83 F9 0C"},
		{"addr": "0x13A552", "on": "B9 7F 00 00 00", "off": "B9 0C 00 00 00"},
		{"addr": "0x13A5D8", "on": "83 F9 01", "off": "83 F9 02"},
		{"addr": "0x13A5E9", "on": "B8 01 00 00 00", "off": "B8 02 00 00 00"},
		{"addr": "0x13A5dd", "on": "83 F9 7F", "off": "83 F9 03"},
		{"addr": "0x13A5E2", "on": "B9 7F 00 00 00", "off": "B9 03 00 00 00"}
	  ]
	},
	
	{
	  "name": "Verify Hack",
	  "desc": "Lets you upload unverified levels.",
	  "opcodes": [
	    {"addr": "0x71D48", "on": "EB", "off": "74"}
	  ]
	},
	
	{
	  "name": "Default Song Bypass",
	  "desc": "Lets you use hidden default songs in the editor.",
	  "opcodes": [
	    {"addr": "0x174407", "on": "90 90", "off": "74 2F"},
		{"addr": "0x174411", "on": "90 90 90", "off": "0F 4F C6"},
		{"addr": "0x174456", "on": "90 90", "off": "74 2F"},
		{"addr": "0x174460", "on": "90 90 90", "off": "0F 4F C6"}
	  ]
	},
	
	{
	  "name": "Editor Extension",
	  "desc": "Increases the editor length by a factor of 128.",
	  "opcodes": [
	    {"addr": "0x2E67A4", "on": "00 60 EA 4B", "off": "00 60 6A 48"},
		{"addr": "0x8FA4D", "on": "0F 60 EA 4B", "off": "80 67 6A 48"}
	  ]
	},
	
	{
	  "name": "Place Over",
	  "desc": "Lets you place the same object over itself in the editor.",
	  "opcodes": [
	    {"addr": "0x160EE1", "on": "8B C1 90", "off": "0F 48 C1"},
		{"addr": "0x160EF2", "on": "E9 23 02 00 00 90", "off": "0F 8F 22 02 00 00"}
	  ]
	},
	
	{
	  "name": "Testmode Bypass",
	  "desc": "Hides the 'Testmode' text when playing with a startpos.",
	  "opcodes": [
	    {"addr": "0x1FD270", "on": "E9 B7 00 00 00 90", "off": "0F 84 B6 00 00 00"}
	  ]
	},
	
	{
	  "name": "Rotation Hack",
	  "desc": "Allows you to rotate any object. Only works locally.",
	  "opcodes": [
	    {"addr": "0x85CBC", "on": "B8 01 00 00 00 90", "off": "8B 80 00 03 00 00"},
		{"addr": "0x8BDDD", "on": "B8 01 00 00 00 90", "off": "8B 80 00 03 00 00"},
		{"addr": "0x8BE16", "on": "B8 01 00 00 00 90", "off": "8B 80 00 03 00 00"},
		{"addr": "0xECA3D", "on": "B8 01 00 00 00 90", "off": "8B 87 00 03 00 00"},
		{"addr": "0xEE5A9", "on": "B8 01 00 00 00 90", "off": "8B 86 00 03 00 00"},
		{"addr": "0x20181E", "on": "B8 01 00 00 00 90", "off": "8B 83 00 03 00 00"}
	  ]
	},
	
	{
	  "name": "Free Scroll",
	  "desc": "Allows you to scroll out the editor.",
	  "opcodes": [
	    {"addr": "0x8FAAC", "on": "EB", "off": "77"},
		{"addr": "0x8FA95", "on": "EB", "off": "77"},
		{"addr": "0x8FAC5", "on": "EB", "off": "77"},
		{"addr": "0x8FADC", "on": "EB", "off": "77"}
	  ]
	},
	
	{
	  "name": "Free Scroll (right)",
	  "desc": "Allows you to scroll out the editor (Only on the right side of the map).",
	  "opcodes": [
	    {"addr": "0x8FAAC", "on": "EB", "off": "77"}
	  ]
	},
	
	{
	  "name": "Free Scroll (Left)",
	  "desc": "Allows you to scroll out the editor (Only on the left side of the map).",
	  "opcodes": [
		{"addr": "0x8FA95", "on": "EB", "off": "77"}
	  ]
	},
	
	{
	  "name": "Free Scroll (bottom)",
	  "desc": "Allows you to scroll out the editor (Only on the bottom the map).",
	  "opcodes": [
		{"addr": "0x8FAC5", "on": "EB", "off": "77"}
	  ]
	},
	
	{
	  "name": "Free Scroll (Top)",
	  "desc": "Allows you to scroll out the editor (Only on the top of the map).",
	  "opcodes": [
		{"addr": "0x8FADC", "on": "EB", "off": "77"}
	  ]
	},
	
	{
	  "name": "Hide UI",
	  "desc": "Hides the Editor UI while building.",
	  "opcodes": [
	    {"addr": "0x8720A", "on": "B3 00 90", "off": "0F 44 D9"}
	  ]
	},
	
	{
	  "name": "Z Order Bypass",
	  "desc": "Removed the -100 to 100 Z order range limit.",
	  "opcodes": [
	    {"addr": "0x22DEDE", "on": "90 90 90", "off": "0F 4C C1"},
		{"addr": "0x22DEE8", "on": "90 90 90", "off": "0F 4F C1"}
	  ]
	},
	
	{
	  "name": "Objects Bypasses",
	  "desc": "Sets the object limit to around 2 billion. Removes the object limit for custom objects & lets you save over 50 custom objects.",
	  "opcodes": [
		{"addr": "0x7A100", "on": "EB", "off": "72"},
		{"addr": "0x7A022", "on": "EB", "off": "76"},
		{"addr": "0x7A203", "on": "90 90", "off": "77 3A"},
		{"addr": "0x73169", "on": "FF FF FF 7F", "off": "80 38 01 00"},
		{"addr": "0x856A4", "on": "FF FF FF 7F", "off": "80 38 01 00"},
		{"addr": "0x87B17", "on": "FF FF FF 7F", "off": "80 38 01 00"},
		{"addr": "0x87BC7", "on": "FF FF FF 7F", "off": "80 38 01 00"},
		{"addr": "0x87D95", "on": "FF FF FF 7F", "off": "80 38 01 00"},
		{"addr": "0x880F4", "on": "FF FF FF 7F", "off": "80 38 01 00"},
		{"addr": "0x160B06", "on": "FF FF FF 7F", "off": "80 38 01 00"}
	  ]
	},
	
	{
      "name": "Absolute Position",
      "desc": "Locks block position for scaling, rotation, moving, etc.",
      "opcodes": [
		{"addr": "0x8DDE4", "on": "90 8B CE 90", "off": "51 8B CE FF"},
		{"addr": "0x8DDE8", "on": "90 90 8B 06", "off": "50 5C 8B 06"}
	  ]
    },
	
	{
      "name": "Absolute Position & Rotation",
      "desc": "Locks block position for scaling, rotation, moving, etc. Locks all rotation at 0 degrees.",
      "opcodes": [
		{"addr": "0x8DDE4", "on": "90 8B CE 90 90 90", "off": "51 8B CE FF 50 5C"},
		{"addr": "0x60554", "lib": "libcocos2d.dll", "on": "90 90 90 90 90 90 90 90 90 90", "off": "F3 0F 11 49 24 F3 0F 11 49 20"}
	  ]
    },
	
	{
      "name": "Absolute Scaling Pos",
      "desc": "Locks block position just for scaling.",
      "opcodes": [
		{"addr": "0x8F2F9", "on": "90 90 90 90 90 90", "off": "56 E8 B1 EA FF FF"}
	  ]
    },
	
	{
      "name": "Scale Snapping Bypass",
      "desc": "Removed snapping to 1.00 when moving the scale slider between 0.97 and 1.03.",
      "opcodes": [
		{"addr": "0x948C4", "on": "00 EB 46 F3", "off": "00 76 46 F3"}
	  ]
    },
	
	{
	  "name": "Group ID Bypass",
	  "desc": "Allows you to use Group IDs up to 1100 (except on the pulse trigger)",
	  "opcodes": [
	    {"addr": "0x1628F7", "on": "81 FE 4D 04 00 00", "off": "81 FE E8 03 00 00"},
	    {"addr": "0x22D66E", "on": "B9 4C 04 00 00", "off": "B9 E7 03 00 00"},
		{"addr": "0x22D66E", "on": "B9 4C 04 00 00", "off": "B9 E7 03 00 00"},
		{"addr": "0x132A60", "on": "B9 4C 04 00 00", "off": "B9 E7 03 00 00"},
		{"addr": "0x131E31", "on": "B9 4C 04 00 00", "off": "B9 E7 03 00 00"},
		{"addr": "0x230FA0", "on": "B9 4C 04 00 00", "off": "B9 E7 03 00 00"},
		{"addr": "0x23CE90", "on": "B9 4C 04 00 00", "off": "B9 E7 03 00 00"},
		{"addr": "0x23B790", "on": "B9 4C 04 00 00", "off": "B9 E7 03 00 00"},
		{"addr": "0x247AA0", "on": "B9 4C 04 00 00", "off": "B9 E7 03 00 00"},
		{"addr": "0x149820", "on": "B9 4C 04 00 00", "off": "B9 E7 03 00 00"},
		{"addr": "0x14918E", "on": "B9 4C 04 00 00", "off": "B9 E7 03 00 00"},
		{"addr": "0x124C10", "on": "B9 4C 04 00 00", "off": "B9 E7 03 00 00"},
		{"addr": "0x1244C1", "on": "B9 4C 04 00 00", "off": "B9 E7 03 00 00"},
		{"addr": "0x124CB0", "on": "B9 4C 04 00 00", "off": "B9 E7 03 00 00"},
		{"addr": "0x12451E", "on": "B9 4C 04 00 00", "off": "B9 E7 03 00 00"},
		{"addr": "0x232B60", "on": "B9 4C 04 00 00", "off": "B9 E7 03 00 00"},
		{"addr": "0x135FE0", "on": "B9 4C 04 00 00", "off": "B9 E7 03 00 00"},
		{"addr": "0x1358B1", "on": "B9 4C 04 00 00", "off": "B9 E7 03 00 00"},
		{"addr": "0x2357E0", "on": "B9 4C 04 00 00", "off": "B9 E7 03 00 00"},
		{"addr": "0x236EE0", "on": "B9 4C 04 00 00", "off": "B9 E7 03 00 00"},
		{"addr": "0x2385E0", "on": "B9 4C 04 00 00", "off": "B9 E7 03 00 00"},
		{"addr": "0x23E500", "on": "B9 4C 04 00 00", "off": "B9 E7 03 00 00"},
		{"addr": "0x41940 ", "on": "B9 4C 04 00 00", "off": "B9 E7 03 00 00"},
		{"addr": "0x235860", "on": "B9 4C 04 00 00", "off": "B9 E7 03 00 00"},
		{"addr": "0x135FE0", "on": "B9 4C 04 00 00", "off": "B9 E7 03 00 00"},
		{"addr": "0x2358E0", "on": "B9 4C 04 00 00", "off": "B9 E7 03 00 00"}
	  ]
	},
	
	{
	  "name": "Slider Limit",
	  "desc": "Lets sliders be dragged beyond the visible limit.",
	  "opcodes": [
	    {"addr": "0x2E5CA", "on": "EB", "off": "76"},
	    {"addr": "0x2E5F8", "on": "EB", "off": "76"}
	  ]
	},
	
	{
	  "name": "Slider Limit (less)",
	  "desc": "Lets sliders be dragged less the visible limit.",
	  "opcodes": [
	    {"addr": "0x2E5CA", "on": "EB", "off": "76"}
	  ]
	},
	
	{
	  "name": "Slider Limit (more)",
	  "desc": "Lets sliders be dragged more the visible limit.",
	  "opcodes": [
	    {"addr": "0x2E5F8", "on": "EB", "off": "76"}
	  ]
	},
	
	{
	  "name": "Text Bypasses",
	  "desc": "Active all text bypasses.",
	  "opcodes": [
		{"addr": "0x21A99", "on": "90 90", "off": "75 04"},
		{"addr": "0x21ACB", "on": "EB 04", "off": "7C 04"}
	  ]
	},
	
	{
	  "name": "Text Length",
	  "desc": "Allows for unlimited text length in text inputs.",
	  "opcodes": [
	    {"addr": "0x21ACB", "on": "EB 04", "off": "7C 04"}
	  ]
	},
	
	{
	  "name": "Character Filter",
	  "desc": "Lets you input any character in all text inputs.",
	  "opcodes": [
	    {"addr": "0x21A99", "on": "90 90", "off": "75 04"}
	  ]
	},
	
	{
      "name": "Crash: Edit Level",
      "desc": "When you edit a level, the game crash.",
      "opcodes": [
		{"addr": "0x8DDE4", "on": "24 29 45 52", "off": "51 8B CE FF"}
	  ]
    },
	
	{
      "name": "Crash: Edit Level v2",
      "desc": "Active this option if 'Crash: edit Level' option is not working",
      "opcodes": [
		{"addr": "0x26A660", "on": "FF E3 0B 54", "off": "D0 00 59 C3"}
	  ]
    },
	
	{
      "name": "Crash: Move Block",
      "desc": "When you move block, the game crash.",
      "opcodes": [
		{"addr": "0x8DDE4", "on": "42 91 72 61", "off": "51 8B CE FF"}
	  ]
    },
	
	{
	  "name": "ColourID Bypass",
	  "desc": "Bypasses the 999 ColourID limit",
	  "opcodes" : [
	    {"addr": "0x472FA", "on": "90 90 90", "off": "0F 4F C1"},
		{"addr": "0x473EB", "on": "EB", "off": "7C"},
		{"addr": "0x4754B", "on": "8B D0 90", "off": "0F 4C D0"},
		{"addr": "0x4759B", "on": "EB", "off": "7C"},
		{"addr": "0x470DB", "on": "90 90 90", "off": "0F 4F C1"},
		{"addr": "0x470A0", "on": "EB", "off": "7C"},
		{"addr": "0x1628FD", "on": "EB", "off": "7C"}
      ]
	},
	
	{
	  "name": "Smooth Editor Trail",
	  "desc": "Makes the playtest line in the editor smoother by updating it every frame instead of at 30fps",
	  "opcodes": [
	    {"addr": "0x16AB0D", "on": "90 90 90 90 90 90", "off": "0F 82 85 00 00 00"}
	  ]
	}
  ],
  
  "sets": [
    {
	  "name": "A: Block Pos: X",
	  "pointers": [
	    {"offsets": "0x3222D0;0x168;0x380;0x2C4;0x34", "type": "float"}
	  ]
	},
	
	{
	  "name": "B: Block Pos: Y",
	  "pointers": [
	    {"offsets": "0x3222D0;0x168;0x380;0x2C4;0x38", "type": "float"}
	  ]
	},
	
	{
	  "name": "C: block Z Order",
	  "pointers": [
	    {"offsets": "0x3222D0;0x168;0x380;0x2C4;0x3BC", "type": "int"}
	  ]
	},
	
	{
	  "name": "D: Block Scale",
	  "pointers": [
	    {"offsets": "0x3222D0;0x168;0x380;0x2C4;0x35C", "type": "float"}
	  ]
	},
	
	{
	  "name": "E: Block Rotation",
	  "pointers": [
	    {"offsets": "0x3222D0;0x168;0x380;0x2C4;0x20", "type": "float"},
		{"offsets": "0x3222D0;0x168;0x380;0x2C4;0x24", "type": "float"}
	  ]
	},
	
	{
	  "name": "F: Block Editor L",
	  "pointers": [
	    {"offsets": "0x3222D0;0x168;0x380;0x2C4;0x40C", "type": "int"}
	  ]
	},
  
	{
	  "name": "G: Block Editor L2",
	  "pointers": [
	    {"offsets": "0x3222D0;0x168;0x380;0x2C4;0x410", "type": "int"}
	  ]
	},
  
    {
	  "name": "H: Editor Length",
	  "pointers": [
	    {"offsets": "0x2E67A4", "type": "float"},
		{"offsets": "0x8FA4D", "type": "float", "offset": "30"}
	  ]
	},
	
	{
	  "name": "I: ObjectID",
	  "pointers": [
	    {"offsets": "0x3222D0;0x168;0x380;0x27C", "type": "int"}
	  ]
	},
	
	{
	  "name": "J: Editor Layer",
	  "pointers": [
	    {"offsets": "0x3222D0;0x168;0x354", "type": "int"}
	  ]
	},
	
	{
	  "name": "K: Grid Size",
	  "isref": true,
	  "pointers": [
	    {"offsets": "0x1DCA49", "type": "float"},
		{"offsets": "0x1DCA1C", "type": "float"}
	  ]
	},
	
	{
	  "name": "L: block rotation & scale",
	  "pointers": [
		{"offsets": "0x3222D0;0x168;0x380;0x2C4;0x35C", "type": "float"},
		{"offsets": "0x3222D0;0x168;0x380;0x2C4;0x20", "type": "float"},
		{"offsets": "0x3222D0;0x168;0x380;0x2C4;0x24", "type": "float"}
	  ]
	},
	
	{
	  "name": "M: Block Editor L & L2",
	  "pointers": [
		{"offsets": "0x3222D0;0x168;0x380;0x2C4;0x40C", "type": "int"},
		{"offsets": "0x3222D0;0x168;0x380;0x2C4;0x410", "type": "int"}
	  ]
	},
	
	{
	  "name": "N: Block Pos: X & Y",
	  "pointers": [
		{"offsets": "0x3222D0;0x168;0x380;0x2C4;0x34", "type": "float"},
		{"offsets": "0x3222D0;0x168;0x380;0x2C4;0x38", "type": "float"}
	  ]
	},
	
	{
	  "name": "O: Block Editor L & L2 & Z Order",
	  "pointers": [
		{"offsets": "0x3222D0;0x168;0x380;0x2C4;0x40C", "type": "int"},
		{"offsets": "0x3222D0;0x168;0x380;0x2C4;0x410", "type": "int"},
		{"offsets": "0x3222D0;0x168;0x380;0x2C4;0x3BC", "type": "int"}
	  ]
	},
	
	{
	  "name": "Zoom Step",
	  "isref": true,
	  "pointers": [
	    {"offsets": "0x877F0", "type": "float"},
	    {"offsets": "0x87860", "type": "float"}
	  ]
	},
	
	{
	  "name": "Small Grid Size",
	  "isref": true,
	  "pointers": [
		{"offsets": "0x1DCA1C", "type": "float"}
	  ]
	}
  ]
}