{
  "meta": {
      "revision": 8
  },
  
  "hacks": [
    {
	  "name": "AntiCheat: Speedhack",
	  "desc": "Disables level kicking while speedhacking.",
	  "opcodes": [
	    {"addr": "0x202AAA", "on": "EB 2E", "off": "74 2E"}
	  ]
    },
	
	{
	  "name": "AntiCheat: Editor Kick",
	  "desc": "Disables kicking from the editor.",
	  "opcodes": [
	    {"addr": "0x15FC2E", "on": "EB", "off": "74"}
	  ]
	},
	
	{
	  "name": "AntiCheat: Level Completion",
	  "desc": "Disables level kicking at level completion.",
	  "opcodes": [
		{"addr": "0x1FD557", "on": "EB 0C", "off": "74 0C"},
		{"addr": "0x1FD742", "on": "C7 87 E0 02 00 00 01 00 00 00 C7 87 E4 02 00 00 00 00 00 00 90 90 90 90 90 90", "off": "80 BF DD 02 00 00 00 0F 85 0A FE FF FF 80 BF 34 05 00 00 00 0F 84 FD FD FF FF"},
	    {"addr": "0x1FD756", "on": "90 90 90 90 90 90", "off": "0F 84 FD FD FF FF"},
		{"addr": "0x1FD79A", "on": "90 90 90 90 90 90", "off": "0F 84 B9 FD FF FF"},
		{"addr": "0x1FD7AF", "on": "90 90 90 90 90 90", "off": "0F 85 A4 FD FF FF"}
	  ]
	},
	
	{
	  "name": "AntiCheat: Level Kicks",
	  "desc": "Disables some level kicks.",
	  "opcodes": [
		{"addr": "0x20D3B3", "on": "90 90 90 90 90", "off": "E8 58 04 00 00"},
	    {"addr": "0x1FF7A2", "on": "90 90", "off": "74 6E"}
	  ]
	},
	
	{
	  "name": "AntiCheat: Load Failed",
	  "desc": "Ignores the level integrity check for main levels.",
	  "opcodes": [
	    {"addr": "0x18B2B4", "on": "B0 01", "off": "88 D8"}
	  ]
	},
	
	{
	  "name": "AntiCheat: Level Reset",
	  "desc": "Disables anticheat on level reset.",
	  "opcodes": [
	    {"addr": "0x20C4E6", "on": "E9 D7 00 00 00 90", "off": "0F 85 D6 00 00 00"}
	  ]
	},
	
	{
	  "name": "Force Visibility",
	  "desc": "Sets all nodes to be visible.",
	  "opcodes": [
	    {"addr": "0x60753", "lib": "libcocos2d.dll", "on": "B0 01 90", "off": "8A 45 08"},
		{"addr": "0x60C5A", "lib": "libcocos2d.dll", "on": "90 90 90 90 90 90", "off": "0F 84 CB 00 00 00"}
	  ]
	},
	
	{
	  "name": "Weird Visual",
	  "desc": "Make the game visual been really weird.",
	  "opcodes": [
	    {"addr": "0x60753", "lib": "libcocos2d.dll", "on": "B0 01 90", "off": "8A 45 08"},
		{"addr": "0x60C5A", "lib": "libcocos2d.dll", "on": "90 90 90 90 90 90", "off": "0F 84 CB 00 00 00"},
		{"addr": "0x60554", "lib": "libcocos2d.dll", "on": "90 90 90 90 90 90 90 90 90 90", "off": "F3 0F 11 49 24 F3 0F 11 49 20"},
		{"addr": "0x17DEB0", "on": "6A 00 90 90 90", "off": "68 FF 00 00 00"},
        {"addr": "0x17E3BB", "on": "6A 30 90 90 90", "off": "68 FF 00 00 00"},
        {"addr": "0x17E8DD", "on": "6A 00 90 90 90", "off": "68 FF 00 00 00"},
        {"addr": "0x17EBB9", "on": "6A 00 90 90 90", "off": "68 FF 00 00 00"},
        {"addr": "0x17DF73", "on": "6A 00 90 90 90", "off": "68 FF 00 00 00"},
        {"addr": "0x6F9BE", "on": "6A 00 90 90 90", "off": "68 FF 00 00 00"},
        {"addr": "0x6FC49", "on": "6A 30 90 90 90", "off": "68 FF 00 00 00"},
		{"addr": "0x15A174", "on": "FF", "off": "00"},
        {"addr": "0x15A175", "on": "FF", "off": "66"},
        {"addr": "0x15A16F", "on": "FF", "off": "FF"},
        {"addr": "0x15A16D", "on": "90 B1", "off": "80 C9"},
        {"addr": "0x15891D", "on": "FF", "off": "00"},
        {"addr": "0x15891E", "on": "FF", "off": "66"},
        {"addr": "0x158917", "on": "FF", "off": "FF"},
        {"addr": "0x158915", "on": "90 B1", "off": "80 C9"},
        {"addr": "0x6F7FB", "on": "FF", "off": "00"},
        {"addr": "0x6F7FC", "on": "FF", "off": "66"},
        {"addr": "0x6F7F6", "on": "FF", "off": "FF"},
        {"addr": "0x6F7F4", "on": "90 B1", "off": "80 C9"},
        {"addr": "0x1979AD", "on": "FF", "off": "00"},
        {"addr": "0x1979AE", "on": "FF", "off": "66"},
        {"addr": "0x1979A7", "on": "FF", "off": "FF"},
        {"addr": "0x1979A5", "on": "90 B1", "off": "80 C9"},
        {"addr": "0x17DBC1", "on": "FF", "off": "00"},
        {"addr": "0x17DBC2", "on": "FF", "off": "66"},
        {"addr": "0x17DBBB", "on": "FF", "off": "FF"},
        {"addr": "0x17DBB9", "on": "90 B1", "off": "80 C9"},
        {"addr": "0x176032", "on": "FF", "off": "00"},
        {"addr": "0x176033", "on": "FF", "off": "66"},
        {"addr": "0x176036", "on": "FF", "off": "FF"},
        {"addr": "0x176034", "on": "90 B1", "off": "80 C9"},
        {"addr": "0x4DF7E", "on": "FF", "off": "00"},
        {"addr": "0x4DF7F", "on": "FF", "off": "66"},
        {"addr": "0x4DF78", "on": "FF", "off": "FF"},
        {"addr": "0x4DF76", "on": "90 B1", "off": "80 C9"},
		{"addr": "0x15C02C", "on": "00 00 00 40", "off": "BF 72 3E FF"},
        {"addr": "0x5C70A", "on": "60", "off": "FF"},
        {"addr": "0x5C6D9", "on": "20 20", "off": "A1 58"},
        {"addr": "0x5C6DC", "on": "20", "off": "2C"},
        {"addr": "0x5C6CF", "on": "40 40", "off": "C2 72"},
        {"addr": "0x5C6D2", "on": "40", "off": "3E"},
		{"addr": "0xA5424", "lib": "libcocos2d.dll", "on": "90 90 90 90 90", "off": "F3 0F 10 45 08"},
		{"addr": "0x176F5C", "on": "8B CA 90", "off": "0F 44 CA"},
		{"addr": "0x176FE5", "on": "B0 01 90", "off": "0F 95 C0"},
		{"addr": "0x1EFBE0", "on": "C3", "off": "55"},
		{"addr": "0x1EEC50", "on": "C3", "off": "55"},
        {"addr": "0x1E8365","on": "90 90 90 90 90 90 90 90","off": "50 8B CB E8 03 F5 00 00"},
        {"addr": "0x1EE31E", "on": "E9 91 00 00 00 90 90 90", "off": "56 8B CF E8 4A 95 00 00"}
	  ]
	},
	
	{
	  "name": "FPS Bypass (Classic)",
	  "desc": "Port of mgostIH's original FPS bypass.",
	  "opcodes": [
	    {"addr": "0xC1710", "lib": "libcocos2d.dll", "on": "EB", "off": "75"}
	  ]
	},
	
	{
	  "name": "No Rotation",
	  "desc": "Locks all rotation at 0 degrees.",
	  "opcodes": [
	    {"addr": "0x60554", "lib": "libcocos2d.dll", "on": "90 90 90 90 90 90 90 90 90 90", "off": "F3 0F 11 49 24 F3 0F 11 49 20"}
	  ]
	},
	
	{
	  "name": "Free Window Resize",
	  "desc": "Removes limits in place for window resizing.",
	  "opcodes": [
	    {"addr": "0x11388B", "lib": "libcocos2d.dll", "on": "90 90 90 90 90", "off": "E8 B0 F3 FF FF"},
		{"addr": "0x11339D", "lib": "libcocos2d.dll", "on": "B9 FF FF FF 7F 90 90", "off": "E8 EE F6 FF FF 8B C8"},
		{"addr": "0x1133C0", "lib": "libcocos2d.dll", "on": "48", "off": "50"},
		{"addr": "0x1133C6", "lib": "libcocos2d.dll", "on": "48", "off": "50"},
		{"addr": "0x112536", "lib": "libcocos2d.dll", "on": "EB 11 90", "off": "50 6A 00"}
	  ]
	},
	
	{
	  "name": "No Transition",
	  "desc": "Shorterns scene transition time to 0s, doesn't work with the transition customiser.",
	  "opcodes": [
	    {"addr": "0xA5424", "lib": "libcocos2d.dll", "on": "90 90 90 90 90", "off": "F3 0F 10 45 08"}
	  ]
	},
	
	{
      "name": "AntiCheat: every AntiCheat",
      "desc": "Disables every AntiCheat.",
      "opcodes": [
        {"addr": "0x202AAA", "on": "EB 2E", "off": "74 2E"},
        {"addr": "0x15FC2E", "on": "EB", "off": "74"},
        {"addr": "0x20D3B3", "on": "90 90 90 90 90", "off": "E8 58 04 00 00"},
        {"addr": "0x1FF7A2", "on": "90 90", "off": "74 6E"},
        {"addr": "0x18B2B4", "on": "B0 01", "off": "88 D8"},
        {"addr": "0x20C4E6", "on": "E9 D7 00 00 00 90", "off": "0F 85 D6 00 00 00"},
        {"addr": "0x1FD557", "on": "EB 0C", "off": "74 0C"},
        {"addr": "0x1FD742", "on": "C7 87 E0 02 00 00 01 00 00 00 C7 87 E4 02 00 00 00 00 00 00 90 90 90 90 90 90", "off": "80 BF DD 02 00 00 00 0F 85 0A FE FF FF 80 BF 34 05 00 00 00 0F 84 FD FD FF FF"},
        {"addr": "0x1FD756", "on": "90 90 90 90 90 90", "off": "0F 84 FD FD FF FF"},
        {"addr": "0x1FD79A", "on": "90 90 90 90 90 90", "off": "0F 84 B9 FD FF FF"},
        {"addr": "0x1FD7AF", "on": "90 90 90 90 90 90", "off": "0F 85 A4 FD FF FF"}
      ]
    },
	
	{
      "name": "Transparent Menu",
      "desc": "Removes the blue background in the menu.",
      "opcodes": [
        {"addr": "0x17DEB0", "on": "6A 00 90 90 90", "off": "68 FF 00 00 00"},
        {"addr": "0x17E3BB", "on": "6A 30 90 90 90", "off": "68 FF 00 00 00"},
        {"addr": "0x17E8DD", "on": "6A 00 90 90 90", "off": "68 FF 00 00 00"},
        {"addr": "0x17EBB9", "on": "6A 00 90 90 90", "off": "68 FF 00 00 00"},
        {"addr": "0x17DF73", "on": "6A 00 90 90 90", "off": "68 FF 00 00 00"},
        {"addr": "0x6F9BE", "on": "6A 00 90 90 90", "off": "68 FF 00 00 00"},
        {"addr": "0x6FC49", "on": "6A 30 90 90 90", "off": "68 FF 00 00 00"}
      ]
    },
		
    {
      "name": "Transparent BG",
      "desc": "Removes the blue filter from menu's backgrounds. Made by WEGFan",
      "opcodes": [
        {"addr": "0x15A174", "on": "FF", "off": "00"},
        {"addr": "0x15A175", "on": "FF", "off": "66"},
        {"addr": "0x15A16F", "on": "FF", "off": "FF"},
        {"addr": "0x15A16D", "on": "90 B1", "off": "80 C9"},
        {"addr": "0x15891D", "on": "FF", "off": "00"},
        {"addr": "0x15891E", "on": "FF", "off": "66"},
        {"addr": "0x158917", "on": "FF", "off": "FF"},
        {"addr": "0x158915", "on": "90 B1", "off": "80 C9"},
        {"addr": "0x6F7FB", "on": "FF", "off": "00"},
        {"addr": "0x6F7FC", "on": "FF", "off": "66"},
        {"addr": "0x6F7F6", "on": "FF", "off": "FF"},
        {"addr": "0x6F7F4", "on": "90 B1", "off": "80 C9"},
        {"addr": "0x1979AD", "on": "FF", "off": "00"},
        {"addr": "0x1979AE", "on": "FF", "off": "66"},
        {"addr": "0x1979A7", "on": "FF", "off": "FF"},
        {"addr": "0x1979A5", "on": "90 B1", "off": "80 C9"},
        {"addr": "0x17DBC1", "on": "FF", "off": "00"},
        {"addr": "0x17DBC2", "on": "FF", "off": "66"},
        {"addr": "0x17DBBB", "on": "FF", "off": "FF"},
        {"addr": "0x17DBB9", "on": "90 B1", "off": "80 C9"},
        {"addr": "0x176032", "on": "FF", "off": "00"},
        {"addr": "0x176033", "on": "FF", "off": "66"},
        {"addr": "0x176036", "on": "FF", "off": "FF"},
        {"addr": "0x176034", "on": "90 B1", "off": "80 C9"},
        {"addr": "0x4DF7E", "on": "FF", "off": "00"},
        {"addr": "0x4DF7F", "on": "FF", "off": "66"},
        {"addr": "0x4DF78", "on": "FF", "off": "FF"},
        {"addr": "0x4DF76", "on": "90 B1", "off": "80 C9"},
		{"addr": "0xCFF2D", "on": "E9 FD 01 00 00 90", "off": "8A 80 89 02 00 00"}
      ]
    },
		
    {
      "name": "Transparent Lists",
      "desc": "Makes the menu lists transparent. Made by WEGFan.",
      "opcodes": [
        {"addr": "0x15C02C", "on": "00 00 00 40", "off": "BF 72 3E FF"},
        {"addr": "0x5C70A", "on": "60", "off": "FF"},
        {"addr": "0x5C6D9", "on": "20 20", "off": "A1 58"},
        {"addr": "0x5C6DC", "on": "20", "off": "2C"},
        {"addr": "0x5C6CF", "on": "40 40", "off": "C2 72"},
        {"addr": "0x5C6D2", "on": "40", "off": "3E"}
      ]
    },
	
	{
	  "name": "Active Transparents",
	  "desc": "Active every Transparent options.",
	  "opcodes": [
		{"addr": "0x17DEB0", "on": "6A 00 90 90 90", "off": "68 FF 00 00 00"},
        {"addr": "0x17E3BB", "on": "6A 30 90 90 90", "off": "68 FF 00 00 00"},
        {"addr": "0x17E8DD", "on": "6A 00 90 90 90", "off": "68 FF 00 00 00"},
        {"addr": "0x17EBB9", "on": "6A 00 90 90 90", "off": "68 FF 00 00 00"},
        {"addr": "0x17DF73", "on": "6A 00 90 90 90", "off": "68 FF 00 00 00"},
        {"addr": "0x6F9BE", "on": "6A 00 90 90 90", "off": "68 FF 00 00 00"},
        {"addr": "0x6FC49", "on": "6A 30 90 90 90", "off": "68 FF 00 00 00"},
		{"addr": "0x15A174", "on": "FF", "off": "00"},
        {"addr": "0x15A175", "on": "FF", "off": "66"},
        {"addr": "0x15A16F", "on": "FF", "off": "FF"},
        {"addr": "0x15A16D", "on": "90 B1", "off": "80 C9"},
        {"addr": "0x15891D", "on": "FF", "off": "00"},
        {"addr": "0x15891E", "on": "FF", "off": "66"},
        {"addr": "0x158917", "on": "FF", "off": "FF"},
        {"addr": "0x158915", "on": "90 B1", "off": "80 C9"},
        {"addr": "0x6F7FB", "on": "FF", "off": "00"},
        {"addr": "0x6F7FC", "on": "FF", "off": "66"},
        {"addr": "0x6F7F6", "on": "FF", "off": "FF"},
        {"addr": "0x6F7F4", "on": "90 B1", "off": "80 C9"},
        {"addr": "0x1979AD", "on": "FF", "off": "00"},
        {"addr": "0x1979AE", "on": "FF", "off": "66"},
        {"addr": "0x1979A7", "on": "FF", "off": "FF"},
        {"addr": "0x1979A5", "on": "90 B1", "off": "80 C9"},
        {"addr": "0x17DBC1", "on": "FF", "off": "00"},
        {"addr": "0x17DBC2", "on": "FF", "off": "66"},
        {"addr": "0x17DBBB", "on": "FF", "off": "FF"},
        {"addr": "0x17DBB9", "on": "90 B1", "off": "80 C9"},
        {"addr": "0x176032", "on": "FF", "off": "00"},
        {"addr": "0x176033", "on": "FF", "off": "66"},
        {"addr": "0x176036", "on": "FF", "off": "FF"},
        {"addr": "0x176034", "on": "90 B1", "off": "80 C9"},
        {"addr": "0x4DF7E", "on": "FF", "off": "00"},
        {"addr": "0x4DF7F", "on": "FF", "off": "66"},
        {"addr": "0x4DF78", "on": "FF", "off": "FF"},
        {"addr": "0x4DF76", "on": "90 B1", "off": "80 C9"},
		{"addr": "0x15C02C", "on": "00 00 00 40", "off": "BF 72 3E FF"},
        {"addr": "0x5C70A", "on": "60", "off": "FF"},
        {"addr": "0x5C6D9", "on": "20 20", "off": "A1 58"},
        {"addr": "0x5C6DC", "on": "20", "off": "2C"},
        {"addr": "0x5C6CF", "on": "40 40", "off": "C2 72"},
        {"addr": "0x5C6D2", "on": "40", "off": "3E"}
	  ]
	},
	
	{
      "name": "No Glow",
      "desc": "Remove glow from objects.",
      "opcodes": [
        {"addr": "0xCFF2D", "on": "E9 FD 01 00 00 90", "off": "8A 80 89 02 00 00"}
      ]
    },
	
	{
      "name": "Crash: Edit Level",
      "desc": "When you edit a level, the game crash.",
      "opcodes": [
		{"addr": "0x8DDE4", "on": "24 29 45 52", "off": "51 8B CE FF"}
	  ]
    },
	
	{
      "name": "Crash: build menu",
      "desc": "When you open the 'build menu', the game crash.",
      "opcodes": [
		{"addr": "0x6F5D0", "on": "FF E3 0B 54", "off": "E9 44 29 83"}
	  ]
    },
	
	{
      "name": "Crash: Move Block",
      "desc": "When you move block, the game crash.",
      "opcodes": [
		{"addr": "0x8DDE4", "on": "42 91 72 61", "off": "51 8B CE FF"}
	  ]
    },
	
	{
      "name": "Crash: Search Layer",
      "desc": "When you open the search layer, the game crash.",
      "opcodes": [
		{"addr": "0x1DE8F0", "on": "FF E3 0B 54", "off": "55 8B EC 83"}
	  ]
    },
	
	{
	  "name": "Crash: Options Layer",
      "desc": "When you open the options layer, the game crash.",
      "opcodes": [
		{"addr": "0x17DA60", "on": "FF E3 0B 54", "off": "55 8B EC 83"}
	  ]
    },

	{
      "name": "Crash: Pause Layer/Screen",
      "desc": "When you open the pause layer/screen, the game crash.",
      "opcodes": [
		{"addr": "0x1E4620", "on": "FF E3 0B 54", "off": "55 8B EC 83"}
	  ]
    },
	
	{
      "name": "Crash: Achievments Layer",
      "desc": "When you open the Achievments layer, the game crash.",
      "opcodes": [
		{"addr": "0x3C2F0", "on": "FF E3 0B 54", "off": "55 8B EC 83"}
	  ]
    },
	
	{
	  "name": "Crash: Die",

	  "desc": "When the player die the game crashed.",
	  "opcodes": [
		{"addr": "0x20A3B2", "on": "E9 13 06 00 00 90 90", "off": "80 BB 94 04 00 00 00"}
	  ]
	},
	
	{
	  "name": "Crash: tap/hold (Not that good)",
	  "desc": "When you tap, the game crashed.",
	  "opcodes": [
		{"addr": "0x111500", "on": "FF E3 0B 54", "off": "E9 AB 53 F4"}
	  ]
	},
	
	{
	  "name": "Crash: level complete (not that good)",
	  "desc": "When you complete a level, the game crashed.",
	  "opcodes": [
		{"addr": "0x1FD3D0", "on": "FF E3 0B 54", "off": "E9 DB CA 0E"}
	  ]
	},
	
	{
	  "name": "Crash: Transition/rotation",
	  "desc": "When the player changing in the gamemode/rotation/Y position, its crash the game.",
	  "opcodes": [
		{"addr": "0x20A3B2", "on": "E9 13 06 00 00 90 90", "off": "80 BB 94 04 00 00 00"},
		{"addr": "0x20401A",  "on": "E9 27 02 00 00 90",  "off": "0F 87 26 02 00 00"}
	  ]
	},
		
	{
	  "name": "Crash: Play",
	  "desc": "When you play a level, the game crashed.",
	  "opcodes": [
		{"addr": "0x203DA2", "on": "E9 57 02 00 00 90", "off": "0F 86 56 02 00 00"},
		{"addr": "0x20401A", "on": "E9 27 02 00 00 90",  "off": "0F 87 26 02 00 00"},
		{"addr": "0x20A3B2", "on": "E9 13 06 00 00 90 90", "off": "80 BB 94 04 00 00 00"}
   	  ]
	},
		
	{
	  "name": "Crash: Play v2",
	  "desc": "Active this option if 'Crash: Play' option is not working",
	  "opcodes": [
		{"addr": "0x203519", "on": "00 00 00", "off": "50 FF D6"}
	  ]
	},
	
	{
      "name": "Crash: Play v3",
      "desc": "Active this option if 'Crash: Play' and 'Crash: play v2' option is not working",
      "opcodes": [
		{"addr": "0x01FB780", "on": "FF E3 0B 54", "off": "E9 6B DC 0E"},
		{"addr": "0x1FAFC0", "on": "FF E3 0B 54", "off": "55 8B EC 56"}
	  ]
    },
	
	{
	  "name": "Global Bypasses",
	  "desc": "Active iocn bypass & main levels bypasses.",
	  "opcodes": [
		{"addr": "0x188CE1", "on": "E9 8A 00 00 00 90", "off": "0F 8E 89 00 00 00"},
		{"addr": "0xC50A8", "on": "B0 01 90 90 90", "off": "E8 7A CD 19 00"},
		{"addr": "0xC54BA", "on": "B0 01 90 90 90", "off": "E8 68 C9 19 00"}
	  ]
	},
		
	{
      "name": "Fast Alt-Tab",
      "desc": "Disables savefile saving on minimize. By PoweredByPie",
      "opcodes": [
        {"addr": "0x3D02E", "on": "90 90 90 90 90 90 90", "off": "8B 03 8B CB FF 50 18"}
      ]
    }
  ]
}
