{
  "meta": {
      "revision": 23
  },
  
  "hacks": [
    {
	  "name": "NoClip",
	  "desc": "allow the player go through everything. (Player safe patch.)",
	  "opcodes": [
	    {"addr": "0x20A23C", "on": "E9 79 06 00 00", "off": "6A 14 8B CB FF"}
	  ]
	},
	
    {
	  "name": "NoClip (Experimental)",
	  "desc": "Makes the player invincible. Safe patch by mgostIH",
  	  "cheat": true,
	  "opcodes": [
	    {"addr": "0x20A23C", "on": "E9 79 06 00 00", "off": "6A 14 8B CB FF"},
		{"addr": "0x1E9F6B", "on": "E9 13 02 00 00 90", "off": "0F 84 12 02 00 00"},
		{"addr": "0x1EA195", "on": "E9 22 01 00 00 90", "off": "0F 8B 21 01 00 00"}
	  ]
	},
	
	{
	  "name": "NoSpikes",
	  "desc": "Ignores spike objects. (Player safe patch.)",
	  "opcodes": [
	    {"addr": "0x205347", "on": "75", "off": "74"}
	  ]
	},
	
	{
	  "name": "NoHitbox",
	  "desc": "Disables all object hitboxes. Special objects are disabled. (Player safe patch.)",
	  "opcodes": [
	    {"addr": "0x20456D", "on": "B8 07 00 00 00 90", "off": "8B 83 00 03 00 00"}
	  ]
	},
	
	{
	  "name": "NoSolids",
	  "desc": "Disables most solid hitboxes. Special objects still work. (Player safe patch.)",
	  "opcodes": [
	    {"addr": "0x20456D", "on": "B8 14 00 00 00 90", "off": "8B 83 00 03 00 00"}
	  ]
	},
	
	{
	  "name": "Force Block Type",
	  "desc": "Treats all objects as if they were blocks.",
	  "opcodes": [
	    {"addr": "0x20456D", "on": "31 C0 83 7B 34 00 BA 07 00 00 00 0F 44 C2 90", "off": "8B 83 00 03 00 00 83 F8 07 0F 84 7F 0A 00 00"}
	  ]
	},
	
	{
	  "name": "Everything Hurts",
	  "desc": "Make the player die from everything. Owie. :)",
	  "opcodes": [
	    {"addr": "0x20456D", "on": "B8 02 00 00 00 90", "off": "8B 83 00 03 00 00"}
	  ]
	},
	
	{
	  "name": "Freeze Player",
	  "desc": "Freezes player movement.",
	  "opcodes": [
	    {"addr": "0x203519", "on": "90 90 90", "off": "50 FF D6"}
	  ]
	},
	
	{
	  "name": "Jump Hack",
	  "desc": "Allows for jumping and flying in mid-air.",
	  "opcodes": [
	    {"addr": "0x1E9141", "on": "01", "off": "00"},
		{"addr": "0x1E9498", "on": "01", "off": "00"}
	  ]
	},
	
	{
	  "name": "Force Trail State",
	  "desc": "Sets the trail to either always on or always off.",
	  "tristate": true,
	  "opcodes": [
	    {"addr": "0xAEDCC", "lib": "libcocos2d.dll", "on": "90 90 90 90 90 90", "tri": "E9 69 02 00 00 90", "off": "0F 84 68 02 00 00"}
	  ]
	},
	
	{
	  "name": "Inversed Trail",
	  "desc": "Inverses the trail state.",
	  "opcodes": [
	    {"addr": "0xAEDCC", "lib": "libcocos2d.dll", "on": "0F 85 68 02 00 00", "off": "0F 84 68 02 00 00"}
	  ]
	},
	
	{
	  "name": "Hide Attempts",
	  "desc": "Hides the attempt count in-game.",
	  "opcodes": [
	    {"addr": "0x2D83B8", "on": "00", "off": "41"}
	  ]
	},
	
	{
	  "name": "Practice Music Hack",
	  "desc": "Plays the level's song in-sync with your position, instead of the standard practice song.",
	  "opcodes": [
		{"addr": "0x20C925", "on": "90 90 90 90 90 90", "off": "0F 85 F7 00 00 00"},
		{"addr": "0x20D143", "on": "90 90", "off": "75 41"},
		{"addr": "0x20A563", "on": "90 90", "off": "75 3E"},
		{"addr": "0x20A595", "on": "90 90", "off": "75 0C"}
	  ]
	},
	
	{
	  "name": "No Pulse",
	  "desc": "Disables pulsing on objects.",
	  "opcodes": [
	    {"addr": "0x2060D9", "on": "EB 4A", "off": "74 4A"}
	  ]
	},
	
	{
	  "name": "Block Level Exit",
	  "desc": "Blocks the exit level button & shortcut",
	  "opcodes": [
	    {"addr": "0x1E644C", "on": "90 90 90 90 90", "off": "E8 BF 73 02 00"}
	  ]
	},
	
	{
	  "name": "Hide Pause Button",
	  "desc": "Hides the pause button when the in-game cursor is enabled",
	  "opcodes": [
	    {"addr": "0x25F4AC", "on": "90 90", "off": "75 10"}
	  ]
	},
	
	{
	  "name": "Ignore ESC",
	  "desc": "Stops the ESC key from exiting a level",
	  "opcodes": [
	    {"addr": "0x1E660C", "on": "EB 0B", "off": "6A 00"}
	  ]
	},
	
	{
	  "name": "Suicide",
	  "desc": "Kills the player.",
	  "opcodes": [
	    {"addr": "0x203DA2", "on": "E9 57 02 00 00 90", "off": "0F 86 56 02 00 00"},
		{"addr": "0x20401A", "on": "E9 27 02 00 00 90", "off": "0F 87 26 02 00 00"}
	  ]
	},
	
	{
	  "name": "Accurate Percentage",
	  "desc": "Allows for decimals in the level percentage.",
	  "opcodes": [
	    {"addr": "0x208114", "on": "C7 02 25 66 25 25 8B 87 C0 03 00 00 8B B0 04 01 00 00 F3 0F 5A C0 83 EC 08 F2 0F 11 04 24 83 EC 04 89 14 24 90", "off": "F3 0F 2C C0 85 C0 0F 4F C8 B8 64 00 00 00 3B C8 0F 4F C8 8B 87 C0 03 00 00 51 68 30 32 69 00 8B B0 04 01 00 00"},
		{"addr": "0x20813F", "on": "83 C4 0C", "off": "83 C4 08"}
	  ]
	},
	
	{
	  "name": "No Particles",
	  "desc": "Disables resuming the particle system.",
	  "opcodes": [
	    {"addr": "0xB8ED6", "lib": "libcocos2d.dll", "on": "00", "off": "01"}
	  ]
	},
	
	{
	  "name": "Instant Complete",
	  "desc": "Teleports the player to the end of a level, also know as the teleport hack.",
	  "opcodes": [
	    {"addr": "0x20350D", "on": "C7 81 7C 06 00 00 20 BC BE 4C 90 90 90 90 90", "off": "8B 35 E0 23 68 00 81 C1 7C 06 00 00 50 FF D6"}
	  ]
	},
	
	{
      "name": "No Progress Bar",
      "desc": "Removes the progress bar on the level, excluding the percentage.",
      "opcodes": [
        {"addr": "0x1FCE89", "on": "0F 57 C0 90 90 90", "off": "F3 0F 10 44 24 48"},
        {"addr": "0x1FCF38", "on": "0D", "off": "05"},
        {"addr": "0x1FCF6B", "on": "3F", "off": "00"}
      ]
    },
	
	{
      "name": "Practice Pulse",
      "desc": "Pulsing object will pulse in practice mode.",
      "opcodes": [
        {"addr": "0x205536", "on": "90 90", "off": "75 08"},
        {"addr": "0x20555D", "on": "90 90", "off": "75 03"},
        {"addr": "0x20553E", "on": "EB", "off": "74"}
      ]
    },
	
	{
      "name": "No Death Effect",
      "desc": "Removes the player death animation.",
      "opcodes": [
        {"addr": "0x1EFBE0", "on": "C3", "off": "55"}
      ]
    },
		
    {
      "name": "Safe Mode",
      "desc": "Disables progress when playing a level.",
      "opcodes": [
        {"addr": "0x20A3B2", "on": "E9 9A 01 00 00 90 90", "off": "80 BB 94 04 00 00 00"},
        {"addr": "0x1FD40F", "on": "E9 13 06 00 00 90 90", "off": "83 B9 64 03 00 00 01"}
      ]
    },
		
    {
      "name": "No Respawn Blink",
      "desc": "Removes the player blink animation when respawning.",
      "opcodes": [
        {"addr": "0x1EF389", "on": "C7 04 24 00 00 00 00", "off": "C7 04 24 CD CC CC 3E"}
      ]
    },
	
	{
      "name": "Instant Mirror Portal",
      "desc": "Reverse portal now instantly switches.",
      "opcodes": [
        {"addr": "0x20ACA3", "on": "C7 04 24 00 00 00 00", "off": "C7 04 24 00 00 00 3F"}
      ]
    },
	{
      "name": "Trail Always Off",
      "desc": "Make the trail been always off.",
      "opcodes": [
		{"addr": "0xAEDCC", "on": "E9 69 02 00 00 90","off": "0F 84 68 02 00 00", "lib": "libcocos2d.dll"}
      ]
    },
    {
      "name": "Trail Always On",
      "desc": "Make the trail been always on.",
      "opcodes": [
        {"addr": "0xAEDCC", "on": "90 90 90 90 90 90", "off": "0F 84 68 02 00 00", "lib": "libcocos2d.dll"}
      ]
    },
	
	{
	  "name": "Super Hack",
	  "desc": "Make the player be like a GOD.",
	  "opcodes": [
		{"addr": "0x20A23C", "on": "E9 79 06 00 00", "off": "6A 14 8B CB FF"},
		{"addr": "0x205347", "on": "75", "off": "74"},
		{"addr": "0x20456D", "on": "B8 07 00 00 00 90", "off": "8B 83 00 03 00 00"},
		{"addr": "0x20456D", "on": "B8 14 00 00 00 90", "off": "8B 83 00 03 00 00"},
		{"addr": "0x1E9141", "on": "01", "off": "00"},
		{"addr": "0x1E9498", "on": "01", "off": "00"},
		{"addr": "0x20C925", "on": "90 90 90 90 90 90", "off": "0F 85 F7 00 00 00"},
		{"addr": "0x20D143", "on": "90 90", "off": "75 41"},
		{"addr": "0x20A563", "on": "90 90", "off": "75 3E"},
		{"addr": "0x20A595", "on": "90 90", "off": "75 0C"},
		{"addr": "0x1EF389", "on": "C7 04 24 00 00 00 00", "off": "C7 04 24 CD CC CC 3E"},
		{"addr": "0x20ACA3", "on": "C7 04 24 00 00 00 00", "off": "C7 04 24 00 00 00 3F"}

	  ]
	},
	
	{
	  "name": "hold to fly",
	  "desc": "when you hold you fly.",
	  "opcodes": [
		{"addr": "0x1E9141", "on": "01", "off": "00"}
	  ]
	},	
	
	{
	  "name": "jump on air",
	  "desc": "Allows for jumping in mid-air.",
	  "opcodes": [
		{"addr": "0x1E9498", "on": "01", "off": "00"}
	  ]
	},
	
	{
	  "name": "Disable Ground",
	  "desc": "Disable ground while playing a level.",
	  "opcodes": [
		{"addr": "0x203DA2", "on": "E9 57 02 00 00 90", "off": "0F 86 56 02 00 00"}
	  ]
	},
	
	{
	  "name": "Transition/rotation to Restart",
	  "desc": "When the player changing in the gamemode/rotation/y position, its kill the player.",
	  "opcodes": [
		{"addr": "0x20401A", "on": "E9 27 02 00 00 90", "off": "0F 87 26 02 00 00"}
	  ]
	},
	
	{
	  "name": "Practice is normal",
	  "desc": "Active options that make the practice mode be like Normal mode.",
	  "opcodes": [
		{"addr": "0x20C925", "on": "90 90 90 90 90 90", "off": "0F 85 F7 00 00 00"},
		{"addr": "0x20D143", "on": "90 90", "off": "75 41"},
		{"addr": "0x20A563", "on": "90 90", "off": "75 3E"},
		{"addr": "0x20A595", "on": "90 90", "off": "75 0C"},
		{"addr": "0xE6706", "on": "8B C2 90", "off": "0F 44 C2"},
		{"addr": "0xE720F", "on": "8B D9 90", "off": "0F 44 D9"},
		{"addr": "0x204F10", "on": "90 90 90 90 90 90 90 90 90 90 90 90 90", "off": "80 BE 95 04 00 00 00 0F 85 DE 00 00 00"}
	  ]
	},
	
	{
      "name": "Coins on Practice",
      "desc": "Enable pick up coins in practice mode.",
      "opcodes": [
        {"addr": "0x204F10", "on": "90 90 90 90 90 90 90 90 90 90 90 90 90", "off": "80 BE 95 04 00 00 00 0F 85 DE 00 00 00"}
      ]
    },
	
    {
      "name": "Always Show Coins",
      "desc": "Always make coins visible, even collected one.",
      "opcodes": [
		{"addr": "0xE6706", "on": "8B C2 90", "off": "0F 44 C2"},
		{"addr": "0xE720F", "on": "8B D9 90", "off": "0F 44 D9"}
      ]
    },
	
	{
      "name": "Show Coins After Pick-Up",
      "desc": "make coins visible, even collected one. but only after the player pick up the coins.",
      "opcodes": [
		{"addr": "0xE6706", "on": "8B C2 90", "off": "0F 44 C2"}
      ]
    },
	
	{
      "name": "Show Coins Before Pick-Up",
      "desc": "make coins visible, even collected one. but only before the player pick up the coins.",
      "opcodes": [
		{"addr": "0xE720F", "on": "8B D9 90", "off": "0F 44 D9"}
      ]
    },
	
	{
      "name": "No Flash",
      "desc": "Disables colour flashing on spider and dash orb.",
      "opcodes": [
        {"addr": "0x1EEC50", "on": "C3", "off": "55"},
        {"addr": "0x1E8365","on": "90 90 90 90 90 90 90 90","off": "50 8B CB E8 03 F5 00 00"},
        {"addr": "0x1EE31E", "on": "E9 91 00 00 00 90 90 90", "off": "56 8B CF E8 4A 95 00 00"}
      ]
    },
	
	{
      "name": "Instant Respawn",
      "desc": "Instantly respawns after death.",
      "opcodes": [
        {"addr": "0x20A677", "on": "E8", "off": "D8"}
      ]
    },
	
	{
      "name": "0 Gravity",
      "desc": "make the player be in 0 gravity.",
      "opcodes": [
        {"addr": "0x1E9050", "on": "E8", "off": "D8"}
      ]
    },
	
	{
      "name": "Bigger Jump",
      "desc": "make the jump been little more higher/Change the gravity to 0.700.",
      "opcodes": [
        {"addr": "0x1E9050", "on": "90", "off": "D8"}
      ]
    },
	
	{
      "name": "0 Gravity & No Rotation",
      "desc": "make the player be in 0 gravity & Locks all rotation at 0 degrees.",
      "opcodes": [
        {"addr": "0x1E9050", "on": "E8", "off": "D8"},
		{"addr": "0x60554", "lib": "libcocos2d.dll", "on": "90 90 90 90 90 90 90 90 90 90", "off": "F3 0F 11 49 24 F3 0F 11 49 20"}
      ]
	},
	
	{
      "name": "Negitive Gravity",
      "desc": "Change the gravity to -2147480000.000",
      "opcodes": [
        {"addr": "0x1E9050", "on": "CD", "off": "D8"}
      ]
    },
	
	{
      "name": "tap to fly forever",
      "desc": "When you tap you fly forever.",
      "opcodes": [
        {"addr": "0x1E9050", "on": "E8", "off": "D8"},
		{"addr": "0x1E9498", "on": "01", "off": "00"}
      ]
    },
	
	{
      "name": "Same Dual Colour",
      "desc": "Removes colour inverse on the player two.",
      "opcodes": [
		{"addr": "0x1FC142", "on": "8B 88 3C 02 00 00 2B 88 40 02 00 00", "off": "8B 88 48 02 00 00 2B 88 4C 02 00 00"},
        {"addr": "0x1FC1C3", "on": "8B 81 48 02 00 00 2B 81 4C 02 00 00", "off": "8B 81 3C 02 00 00 2B 81 40 02 00 00"}
      ]
    },
	
	{
      "name": "Same Dual Colour (Secondery)",
      "desc": "Removes Secondery colour inverse on the player two.",
      "opcodes": [
		{"addr": "0x1FC142", "on": "8B 88 3C 02 00 00 2B 88 40 02 00 00", "off": "8B 88 48 02 00 00 2B 88 4C 02 00 00"}
      ]
    },
	
	{
      "name": "Same Dual Colour (Main)",
      "desc": "Removes main colour inverse on the player two.",
      "opcodes": [
        {"addr": "0x1FC1C3", "on": "8B 81 48 02 00 00 2B 81 4C 02 00 00", "off": "8B 81 3C 02 00 00 2B 81 40 02 00 00"}
      ]
    },
	
	{
	  "name": "Crash: Die",
	  "desc": "When the player die the game crashed.",
	  "opcodes": [
		{"addr": "0x20A3B2", "on": "E9 13 06 00 00 90 90", "off": "80 BB 94 04 00 00 00"}
	  ]
	},
		
	{
	  "name": "Crash: Transition/rotation",
	  "desc": "When the player changing in the gamemode/rotation/Y position, its crash the game.",
	  "opcodes": [
		{"addr": "0x20A3B2", "on": "E9 13 06 00 00 90 90", "off": "80 BB 94 04 00 00 00"},
		{"addr": "0x20401A",  "on": "E9 27 02 00 00 90",  "off": "0F 87 26 02 00 00"}
	  ]
	},
		
	{
	  "name": "Crash: Play",
	  "desc": "When you play a level, the game crashed.",
	  "opcodes": [
		{"addr": "0x203DA2", "on": "E9 57 02 00 00 90", "off": "0F 86 56 02 00 00"},
		{"addr": "0x20401A", "on": "E9 27 02 00 00 90",  "off": "0F 87 26 02 00 00"},
		{"addr": "0x20A3B2", "on": "E9 13 06 00 00 90 90", "off": "80 BB 94 04 00 00 00"}
   	  ]
	},
		
	{
	  "name": "Crash: Play v2",
	  "desc": "Active this option if 'Crash: Play' option is not working",
	  "opcodes": [
		{"addr": "0x203519", "on": "00 00 00", "off": "50 FF D6"}
	  ]
	},
	
	{
	  "name": "Crash: tap/hold (Not that good)",
	  "desc": "When you tap, the game crashed.",
	  "opcodes": [
		{"addr": "0x111500", "on": "FF E3 0B 54", "off": "E9 AB 53 F4"}
	  ]
	},
	
	{
	  "name": "Crash: level complete (Not that good)",
	  "desc": "When you complete a level, the game crashed.",
	  "opcodes": [
		{"addr": "0x1FD3D0", "on": "FF E3 0B 54", "off": "E9 DB CA 0E"}
	  ]
	},
	
	{
      "name": "Crash: Play v3",
      "desc": "Active this option if 'Crash: Play' and 'Crash: play v2' option is not working",
      "opcodes": [
		{"addr": "0x01FB780", "on": "FF E3 0B 54", "off": "E9 6B DC 0E"},
		{"addr": "0x1FAFC0", "on": "FF E3 0B 54", "off": "55 8B EC 56"}
	  ]
    },
		
	{
	  "name": "Troll",
	  "desc": "When you play a level, you die all the time and you can't get out.",
  	  "opcodes": [
	    {"addr": "0x1E644C", "on": "90 90 90 90 90", "off": "E8 BF 73 02 00"},
		{"addr": "0x203DA2", "on": "E9 57 02 00 00 90", "off": "0F 86 56 02 00 00"},
		{"addr": "0x20401A", "on": "E9 27 02 00 00 90", "off": "0F 87 26 02 00 00"},
		{"addr": "0x20A677", "on": "E8", "off": "D8"}
	  ]
	},
		
	{
	  "name": "Transition/rotation to die",
	  "desc": "When the player changing in the gamemode/rotation/Y position, it's kills the player.",
	  "opcodes": [
		{"addr": "0x20401A", "on": "E9 27 02 00 00 90", "off": "0F 87 26 02 00 00"},
		{"addr": "0x20A677", "on": "E8", "off": "D8"},
		{"addr": "0x1EFBE0", "on": "C3", "off": "55"},
		{"addr": "0x1EF389", "on": "C7 04 24 00 00 00 00", "off": "C7 04 24 CD CC CC 3E"}
	  ]
	},
		
	{
	  "name": "Invinsible Mode",
	  "desc": "Make the player been invinsible. (Player safe patch.)",
	  "opcodes": [
		{"addr": "0x205347", "on": "75", "off": "74"},
		{"addr": "0x20456D", "on": "B8 07 00 00 00 90", "off": "8B 83 00 03 00 00"},
		{"addr": "0x20A1DD", "on": "EB 37", "off": "8A 80"}
	  ]
	},
	
	{
	  "name": "Mini Cube Icon",
	  "desc": "Forces use of the mini cube icon",
	  "opcodes": [
	    {"addr": "0x1E6DF4", "on": "31 FF 90", "off": "0F 4F FA"},
	    {"addr": "0x1F7E51", "on": "31 C9 90 90", "off": "0F 4C 4D 08"}
	  ]
	},
	
	{
	  "name": "No Wave Trail",
	  "desc": "Disables the hard wave trail, standard trail remains",
	  "opcodes": [
	    {"addr": "0x1F90C6", "on": "EB 42", "off": "74 42"}
	  ]
	},
	
	{
	  "name": "Trail Bug Fix",
	  "desc": "Fixes trail cutting on high refresh rates",
	  "opcodes": [
	    {"addr": "0xAE9BD", "lib": "libcocos2d.dll", "on": "BB FF 00 00 00 90", "off": "F3 0F 2C C1 2B D8"}
	  ]
	},
	
	{
	  "name": "Replay Last Checkpoint",
	  "desc": "Lets you replay your last practice pode checkpoint after completing a level.",
	  "references": [
	    {"addr": "0x96BB8", "on": "0x20BF00", "off": "0x20BDF0"}
	  ]
	},
	
	{
	  "name": "No New Best Popup",
	  "desc": "Disable the new best popup",
	  "opcodes": [
	    {"addr": "0x1FE548", "on": "EB 42", "off": "75 47"},
		{"addr": "0x1FE97E", "on": "00 00 00 00", "off": "CD CC 8C 3F"}
	  ]
	},
	
	{
	  "name": "No Force Glow",
      "desc": "Doesn't force a white glow when using black secondary colour",
      "opcodes": [
        {"addr": "0x1F7953", "on": "EB", "off": "75"},
        {"addr": "0x1F796C", "on": "EB", "off": "75"}
      ]
	},
	
	{
	  "name": "Corrective Music Sync",
	  "desc": "Syncs music properly after unpausing",
	  "opcodes": [
	    {"addr": "0x208808", "on": "EB 08", "off": "75 08"}
	  ]
	},
	
	{
	  "name": "Auto Low Detail Mode",
	  "desc": "Enabled low detail mode on by default for online levels",
	  "opcodes": []
	},
	
	{
	  "name": "Auto Practice Mode",
	  "desc": "Auto-enables practice mode",
  	  "opcodes": []
	},
	
	{
	  "name": "No Portal Lightning",
	  "desc": "Disables portal lightning from size-changing portals",
	  "opcodes": [
	    {"addr": "0x1F9971", "on": "EB 2C 90", "off": "83 EC 08"}
	  ]
	},
	
	{
	  "name": "Ball Rotation Bug",
	  "desc": "Brings back the ball rotation bug when entering a portal mid ball animation",
	  "opcodes": [
	    {"addr": "0x1E9E40", "on": "90 90 90 90 90 90 90 90", "off": "6A 01 FF 15 00 00 00"}
	  ],
	  "references": [
	    {"addr": "0x1E9E44", "off": "0x28241C"}
	  ]
	}
  ],
  
  "sets": [ 
    {
	  "name": "A: Wave Pulse Size",
	  "pointers": [
	    {"offsets": "0x2E63A0", "type": "float"}
	  ]
	},
	
    {
	  "name": "B: Player Pos: X",
	  "pointers": [
	    {"offsets": "0x3222D0;0x164;0x224;0x67C", "type": "float"}
	  ]
	},
	
	{
	  "name": "C: Player Pos: Y",
	  "pointers": [
	    {"offsets": "0x3222D0;0x164;0x224;0x680", "type": "float"}
	  ]
	},
	
	{
	  "name": "D: Speed",
	  "pointers": [
	    {"offsets": "0x3222D0;0x164;0x224;0x648", "type": "float"}
	  ]
	},
	
	{
	  "name": "E: Player Size/Invisible Platform",
	  "pointers": [
	    {"offsets": "0x3222D0;0x164;0x224;0x644", "type": "float"}
	  ]
	},
	
	{
	  "name": "F: Attempts",
	  "pointers": [
	    {"offsets": "0x3222D0;0x164;0x22C;0x114;0x218", "type": "int"},
		{"offsets": "0x3222D0;0x164;0x22C;0x114;0x214", "type": "int", "reset": true},
		{"offsets": "0x3222D0;0x164;0x22C;0x114;0x210", "type": "int"}
	  ]
	},
	
	{
	  "name": "G: Jumps",
	  "pointers": [
	    {"offsets": "0x3222D0;0x164;0x22C;0x114;0x224", "type": "int"},
		{"offsets": "0x3222D0;0x164;0x22C;0x114;0x220", "type": "int", "reset": true},
		{"offsets": "0x3222D0;0x164;0x22C;0x114;0x21C", "type": "int"}
	  ]
	},
	
	{
	  "name": "H: Normal %",
	  "pointers": [
	    {"offsets": "0x3222D0;0x164;0x22C;0x114;0x248", "type": "int"},
		{"offsets": "0x3222D0;0x164;0x22C;0x114;0x24C", "type": "int", "reset": true},
		{"offsets": "0x3222D0;0x164;0x22C;0x114;0x250", "type": "int"}
	  ]
	},
	
	{
	  "name": "I: Practice %",
	  "pointers": [
	    {"offsets": "0x3222D0;0x164;0x22C;0x114;0x26C", "type": "int"}
	  ]
	},
	
	{
	  "name": "J: SongID",
	  "pointers": [
	    {"offsets": "0x3222D0;0x164;0x488;0x1C4", "type" : "int"}
	  ]
	},
	
	{
	  "name": "K: Gravity",
	  "isref": true,
	  "pointers": [
	    {"offsets": "0x1E9050", "type": "float"}
	  ]
	},
	
	{
	  "name": "L: Respawn Time",
	  "isref": true,
	  "pointers": [
	    {"offsets": "0x20A677", "type": "float"}
	  ]
	},
	
	{
	  "name": "M: Normal % & Practice %",
	  "pointers": [
	  {"offsets": "0x3222D0;0x164;0x22C;0x114;0x248", "type": "int"},
		{"offsets": "0x3222D0;0x164;0x22C;0x114;0x24C", "type": "int", "reset": true},
		{"offsets": "0x3222D0;0x164;0x22C;0x114;0x250", "type": "int"},
		{"offsets": "0x3222D0;0x164;0x22C;0x114;0x26C", "type": "int"}
	  ]
	},
	
	{
	  "name": "N: Jumps & attempts",
	  "pointers": [
	  {"offsets": "0x3222D0;0x164;0x22C;0x114;0x224", "type": "int"},
		{"offsets": "0x3222D0;0x164;0x22C;0x114;0x220", "type": "int", "reset": true},
		{"offsets": "0x3222D0;0x164;0x22C;0x114;0x21C", "type": "int"},
		{"offsets": "0x3222D0;0x164;0x22C;0x114;0x218", "type": "int"},
		{"offsets": "0x3222D0;0x164;0x22C;0x114;0x214", "type": "int", "reset": true},
		{"offsets": "0x3222D0;0x164;0x22C;0x114;0x210", "type": "int"}
	  ]
	},
	
	{
	  "name": "O: Speed & Player Size/Invisible Platform",
	  "pointers": [
		{"offsets": "0x3222D0;0x164;0x224;0x648", "type": "float"},
		{"offsets": "0x3222D0;0x164;0x224;0x644", "type": "float"}
	  ]
	},
	
	{
	  "name": "P: Player Size & Wave Pulse Size",
	  "pointers": [
		{"offsets": "0x2E63A0", "type": "float"},
		{"offsets": "0x3222D0;0x164;0x224;0x644", "type": "float"}
	  ]
	},
	
	{
	  "name": "Q: Player Size & Wave Pulse Size & Speed",
	  "pointers": [
		{"offsets": "0x2E63A0", "type": "float"},
		{"offsets": "0x3222D0;0x164;0x224;0x644", "type": "float"},
		{"offsets": "0x3222D0;0x164;0x224;0x648", "type": "float"}
	  ]
	},
	
	{
	  "name": "R: Player Pos: X & Y",
	  "pointers": [
		{"offsets": "0x3222D0;0x164;0x224;0x67C", "type": "float"},
		{"offsets": "0x3222D0;0x164;0x224;0x680", "type": "float"}
	  ]
	},
	
	{
	  "name": "Rotation Modifier",
	  "isref": true,
	  "pointers": [
	    {"offsets": "0x1E9CB2", "type": "float"}
	  ]
	}
  ]
}